/* INSERIMENTO CATEGORIA GENERALE */
INSERT INTO `databaseweb`.`categoria_generale` (`Nome_categoria`) VALUES ('Attrezzatura');
INSERT INTO `databaseweb`.`categoria_generale` (`Nome_categoria`) VALUES ('Abbigliamento');
INSERT INTO `databaseweb`.`categoria_generale` (`Nome_categoria`) VALUES ('Divisa');
INSERT INTO `databaseweb`.`categoria_generale` (`Nome_categoria`) VALUES ('Editoria');

/* INSERIMENTO CATEGORIA PRODOTTO */
INSERT INTO `databaseweb`.`categoria_prodotto` (`Nome_categoria`, `Div_Nome_categoria`) VALUES ('Tende', 'Attrezzatura');
INSERT INTO `databaseweb`.`categoria_prodotto` (`Nome_categoria`, `Div_Nome_categoria`) VALUES ('Borracce', 'Attrezzatura');
INSERT INTO `databaseweb`.`categoria_prodotto` (`Nome_categoria`, `Div_Nome_categoria`) VALUES ('Illuminazione', 'Attrezzatura');
INSERT INTO `databaseweb`.`categoria_prodotto` (`Nome_categoria`, `Div_Nome_categoria`) VALUES ('Cucina', 'Attrezzatura');
INSERT INTO `databaseweb`.`categoria_prodotto` (`Nome_categoria`, `Div_Nome_categoria`) VALUES ('Materassini', 'Attrezzatura');
INSERT INTO `databaseweb`.`categoria_prodotto` (`Nome_categoria`, `Div_Nome_categoria`) VALUES ('Zaini', 'Attrezzatura');
INSERT INTO `databaseweb`.`categoria_prodotto` (`Nome_categoria`, `Div_Nome_categoria`) VALUES ('Sacchi a pelo', 'Attrezzatura');
INSERT INTO `databaseweb`.`categoria_prodotto` (`Nome_categoria`, `Div_Nome_categoria`) VALUES ('Ponci', 'Abbigliamento');
INSERT INTO `databaseweb`.`categoria_prodotto` (`Nome_categoria`, `Div_Nome_categoria`) VALUES ('Felpe', 'Abbigliamento');
INSERT INTO `databaseweb`.`categoria_prodotto` (`Nome_categoria`, `Div_Nome_categoria`) VALUES ('Magliette', 'Abbigliamento');
INSERT INTO `databaseweb`.`categoria_prodotto` (`Nome_categoria`, `Div_Nome_categoria`) VALUES ('Giacche', 'Abbigliamento');
INSERT INTO `databaseweb`.`categoria_prodotto` (`Nome_categoria`, `Div_Nome_categoria`) VALUES ('Fazzolettoni', 'Divisa');
INSERT INTO `databaseweb`.`categoria_prodotto` (`Nome_categoria`, `Div_Nome_categoria`) VALUES ('Calzettoni', 'Divisa');
INSERT INTO `databaseweb`.`categoria_prodotto` (`Nome_categoria`, `Div_Nome_categoria`) VALUES ('Pantaloncini', 'Divisa');
INSERT INTO `databaseweb`.`categoria_prodotto` (`Nome_categoria`, `Div_Nome_categoria`) VALUES ('Camicie', 'Divisa');
INSERT INTO `databaseweb`.`categoria_prodotto` (`Nome_categoria`, `Div_Nome_categoria`) VALUES ('Distintivi', 'Divisa');
INSERT INTO `databaseweb`.`categoria_prodotto` (`Nome_categoria`, `Div_Nome_categoria`) VALUES ('Cinture', 'Divisa');
INSERT INTO `databaseweb`.`categoria_prodotto` (`Nome_categoria`, `Div_Nome_categoria`) VALUES ('Manuali Scout', 'Editoria');
INSERT INTO `databaseweb`.`categoria_prodotto` (`Nome_categoria`, `Div_Nome_categoria`) VALUES ('Tecniche Scout', 'Editoria');
INSERT INTO `databaseweb`.`categoria_prodotto` (`Nome_categoria`, `Div_Nome_categoria`) VALUES ('Spiritualità Scout', 'Editoria');
INSERT INTO `databaseweb`.`categoria_prodotto` (`Nome_categoria`, `Div_Nome_categoria`) VALUES ('Cartine', 'Editoria');

/* INSERIMENTO PRODOTTO */
INSERT INTO `databaseweb`.`prodotto` (`Codice_prodotto`, `Nome_prodotto`, `Nome_categoria`) VALUES ('000001', 'Maglione Lana Uniforme Scout', 'Felpe');
INSERT INTO `databaseweb`.`prodotto` (`Codice_prodotto`, `Nome_prodotto`, `Nome_categoria`) VALUES ('000002', 'Felpa Wosm con cappuccio', 'Felpe');
INSERT INTO `databaseweb`.`prodotto` (`Codice_prodotto`, `Nome_prodotto`, `Nome_categoria`) VALUES ('000003', 'Felpa in pile blu Agesci Emilia Romagna', 'Felpe');
INSERT INTO `databaseweb`.`prodotto` (`Codice_prodotto`, `Nome_prodotto`, `Nome_categoria`) VALUES ('000004', 'Giacca softshell icepeak BATHGATE donna', 'Giacche');
INSERT INTO `databaseweb`.`prodotto` (`Codice_prodotto`, `Nome_prodotto`, `Nome_categoria`) VALUES ('000005', 'Giacca softshell icepeak BARMSTEDT uomo', 'Giacche');
INSERT INTO `databaseweb`.`prodotto` (`Codice_prodotto`, `Nome_prodotto`, `Nome_categoria`) VALUES ('000006', 'Giacca guscio icepeak DAZEY donna', 'Giacche');
INSERT INTO `databaseweb`.`prodotto` (`Codice_prodotto`, `Nome_prodotto`, `Nome_categoria`) VALUES ('000007', 'Giacca guscio icepeak DAWSON uomo', 'Giacche');
INSERT INTO `databaseweb`.`prodotto` (`Codice_prodotto`, `Nome_prodotto`, `Nome_categoria`) VALUES ('000008', 'Maglietta Agesci', 'Magliette');
INSERT INTO `databaseweb`.`prodotto` (`Codice_prodotto`, `Nome_prodotto`, `Nome_categoria`) VALUES ('000009', 'Maglietta polo cotone - Protezione Civile Agesci Emilia Romagna', 'Magliette');
INSERT INTO `databaseweb`.`prodotto` (`Codice_prodotto`, `Nome_prodotto`, `Nome_categoria`) VALUES ('000010', 'Maglietta Aquile Randage Il Film', 'Magliette');
INSERT INTO `databaseweb`.`prodotto` (`Codice_prodotto`, `Nome_prodotto`, `Nome_categoria`) VALUES ('000011', 'Maglietta B.P. con immagine \"QUERCIA\"', 'Magliette');
INSERT INTO `databaseweb`.`prodotto` (`Codice_prodotto`, `Nome_prodotto`, `Nome_categoria`) VALUES ('000012', 'Maglietta B.P. con immagine \"FUOCO\"', 'Magliette');
INSERT INTO `databaseweb`.`prodotto` (`Codice_prodotto`, `Nome_prodotto`, `Nome_categoria`) VALUES ('000013', 'Maglietta B.P. con immagine \"GUARDARE LONTANO\"', 'Magliette');
INSERT INTO `databaseweb`.`prodotto` (`Codice_prodotto`, `Nome_prodotto`, `Nome_categoria`) VALUES ('000014', 'Maglietta B.P. con immagine \"GUIDA DA TE LA TUA CANOA\"', 'Magliette');
INSERT INTO `databaseweb`.`prodotto` (`Codice_prodotto`, `Nome_prodotto`, `Nome_categoria`) VALUES ('000015', 'Maglietta B.P. con immagine \"ALBERI\"', 'Magliette');
INSERT INTO `databaseweb`.`prodotto` (`Codice_prodotto`, `Nome_prodotto`, `Nome_categoria`) VALUES ('000016', 'Maglietta cotone Route Nazionale 2024', 'Magliette');
INSERT INTO `databaseweb`.`prodotto` (`Codice_prodotto`, `Nome_prodotto`, `Nome_categoria`) VALUES ('000017', 'Poncho Scout tech in Peva', 'Ponci');
INSERT INTO `databaseweb`.`prodotto` (`Codice_prodotto`, `Nome_prodotto`, `Nome_categoria`) VALUES ('000018', 'Poncho antipioggia FERRINO TODOMODO RP', 'Ponci');
INSERT INTO `databaseweb`.`prodotto` (`Codice_prodotto`, `Nome_prodotto`, `Nome_categoria`) VALUES ('000019', 'Poncho antipioggia FERRINO HIKER', 'Ponci');
INSERT INTO `databaseweb`.`prodotto` (`Codice_prodotto`, `Nome_prodotto`, `Nome_categoria`) VALUES ('000020', 'Borraccia Scout.coop con disegni lt 1', 'Borracce');
INSERT INTO `databaseweb`.`prodotto` (`Codice_prodotto`, `Nome_prodotto`, `Nome_categoria`) VALUES ('000021', 'Borraccia Regatta Tritan lt 0.350', 'Borracce');
INSERT INTO `databaseweb`.`prodotto` (`Codice_prodotto`, `Nome_prodotto`, `Nome_categoria`) VALUES ('000022', 'Borraccia Ferrino Gliz inox lt 0.750', 'Borracce');
INSERT INTO `databaseweb`.`prodotto` (`Codice_prodotto`, `Nome_prodotto`, `Nome_categoria`) VALUES ('000023', 'Borraccia Ferrino Gliz inox lt 0.500', 'Borracce');
INSERT INTO `databaseweb`.`prodotto` (`Codice_prodotto`, `Nome_prodotto`, `Nome_categoria`) VALUES ('000024', 'Borraccia Scout.coop lt 0.750', 'Borracce');
INSERT INTO `databaseweb`.`prodotto` (`Codice_prodotto`, `Nome_prodotto`, `Nome_categoria`) VALUES ('000025', 'Borraccia Urban Scout.coop lt 0.500', 'Borracce');
INSERT INTO `databaseweb`.`prodotto` (`Codice_prodotto`, `Nome_prodotto`, `Nome_categoria`) VALUES ('000026', 'Borraccia Trekking Scout.coop lt 1', 'Borracce');
INSERT INTO `databaseweb`.`prodotto` (`Codice_prodotto`, `Nome_prodotto`, `Nome_categoria`) VALUES ('000027', 'Portabevande Hydro flask Termico lt 0.750', 'Borracce');
INSERT INTO `databaseweb`.`prodotto` (`Codice_prodotto`, `Nome_prodotto`, `Nome_categoria`) VALUES ('000028', 'Portabevande Hydro flask Termico lt 0.500', 'Borracce');
INSERT INTO `databaseweb`.`prodotto` (`Codice_prodotto`, `Nome_prodotto`, `Nome_categoria`) VALUES ('000029', 'Portabevande Hydro flask Termico lt 1', 'Borracce');
INSERT INTO `databaseweb`.`prodotto` (`Codice_prodotto`, `Nome_prodotto`, `Nome_categoria`) VALUES ('000030', 'Gavetta scout in alluminio 3 pezzi Camp Out', 'Cucina');
INSERT INTO `databaseweb`.`prodotto` (`Codice_prodotto`, `Nome_prodotto`, `Nome_categoria`) VALUES ('000031', 'Cartuccia gas Kemper 460 gr', 'Cucina');
INSERT INTO `databaseweb`.`prodotto` (`Codice_prodotto`, `Nome_prodotto`, `Nome_categoria`) VALUES ('000032', 'Cartuccia gas Kemper 230 gr', 'Cucina');
INSERT INTO `databaseweb`.`prodotto` (`Codice_prodotto`, `Nome_prodotto`, `Nome_categoria`) VALUES ('000033', 'Fornello gas PZ Kemper ', 'Cucina');
INSERT INTO `databaseweb`.`prodotto` (`Codice_prodotto`, `Nome_prodotto`, `Nome_categoria`) VALUES ('000034', 'Acciarino Ram', 'Cucina');
INSERT INTO `databaseweb`.`prodotto` (`Codice_prodotto`, `Nome_prodotto`, `Nome_categoria`) VALUES ('000035', 'Tazza inox termica Scout Tech', 'Cucina');
INSERT INTO `databaseweb`.`prodotto` (`Codice_prodotto`, `Nome_prodotto`, `Nome_categoria`) VALUES ('000036', 'Posate in plastica Sea to summit', 'Cucina');
INSERT INTO `databaseweb`.`prodotto` (`Codice_prodotto`, `Nome_prodotto`, `Nome_categoria`) VALUES ('000037', 'Set posate Albainox', 'Cucina');
INSERT INTO `databaseweb`.`prodotto` (`Codice_prodotto`, `Nome_prodotto`, `Nome_categoria`) VALUES ('000038', 'Gavetta 3 pezzi in acciaio inox Scout Tech', 'Cucina');
INSERT INTO `databaseweb`.`prodotto` (`Codice_prodotto`, `Nome_prodotto`, `Nome_categoria`) VALUES ('000039', 'Fornellino Campingaz Twister Plus ', 'Cucina');
INSERT INTO `databaseweb`.`prodotto` (`Codice_prodotto`, `Nome_prodotto`, `Nome_categoria`) VALUES ('000040', 'Fornellino Campingaz Twister Plus Piezo', 'Cucina');
INSERT INTO `databaseweb`.`prodotto` (`Codice_prodotto`, `Nome_prodotto`, `Nome_categoria`) VALUES ('000041', 'Cartuccia Gas Campingaz C206 Gls', 'Cucina');
INSERT INTO `databaseweb`.`prodotto` (`Codice_prodotto`, `Nome_prodotto`, `Nome_categoria`) VALUES ('000042', 'Cartuccia Gas Campingaz Cv470 Plus ', 'Cucina');
INSERT INTO `databaseweb`.`prodotto` (`Codice_prodotto`, `Nome_prodotto`, `Nome_categoria`) VALUES ('000043', 'Cartuccia Gas Campingaz Cv300 Plus ', 'Cucina');
INSERT INTO `databaseweb`.`prodotto` (`Codice_prodotto`, `Nome_prodotto`, `Nome_categoria`) VALUES ('000044', 'Tazza acciaio inox', 'Cucina');
INSERT INTO `databaseweb`.`prodotto` (`Codice_prodotto`, `Nome_prodotto`, `Nome_categoria`) VALUES ('000045', 'Tazza alluminio', 'Cucina');
INSERT INTO `databaseweb`.`prodotto` (`Codice_prodotto`, `Nome_prodotto`, `Nome_categoria`) VALUES ('000046', 'Lanterna Teda Table Regatta', 'Illuminazione');
INSERT INTO `databaseweb`.`prodotto` (`Codice_prodotto`, `Nome_prodotto`, `Nome_categoria`) VALUES ('000047', 'Lanterna Hurrucane Regatta', 'Illuminazione');
INSERT INTO `databaseweb`.`prodotto` (`Codice_prodotto`, `Nome_prodotto`, `Nome_categoria`) VALUES ('000048', 'Torcia Regatta 9 led in plastica', 'Illuminazione');
INSERT INTO `databaseweb`.`prodotto` (`Codice_prodotto`, `Nome_prodotto`, `Nome_categoria`) VALUES ('000049', 'Torcia frontale 5 led Regatta', 'Illuminazione');
INSERT INTO `databaseweb`.`prodotto` (`Codice_prodotto`, `Nome_prodotto`, `Nome_categoria`) VALUES ('000050', 'Lampada Campingaz a gas Camping Lumostar Plus Piezo', 'Illuminazione');
INSERT INTO `databaseweb`.`prodotto` (`Codice_prodotto`, `Nome_prodotto`, `Nome_categoria`) VALUES ('000051', 'Torcia Frontale Petzi Actik', 'Illuminazione');
INSERT INTO `databaseweb`.`prodotto` (`Codice_prodotto`, `Nome_prodotto`, `Nome_categoria`) VALUES ('000052', 'Materassino Napa Ultra 750 Regatta', 'Materassini');
INSERT INTO `databaseweb`.`prodotto` (`Codice_prodotto`, `Nome_prodotto`, `Nome_categoria`) VALUES ('000053', 'Materassino gonfiabile Regatta', 'Materassini');
INSERT INTO `databaseweb`.`prodotto` (`Codice_prodotto`, `Nome_prodotto`, `Nome_categoria`) VALUES ('000054', 'Stuoino isolante Regatta Napa Foam Mat', 'Materassini');
INSERT INTO `databaseweb`.`prodotto` (`Codice_prodotto`, `Nome_prodotto`, `Nome_categoria`) VALUES ('000055', 'Materassino Ferrino Air-lite', 'Materassini');
INSERT INTO `databaseweb`.`prodotto` (`Codice_prodotto`, `Nome_prodotto`, `Nome_categoria`) VALUES ('000056', 'Materassino Scout Tech Classic Mat', 'Materassini');
INSERT INTO `databaseweb`.`prodotto` (`Codice_prodotto`, `Nome_prodotto`, `Nome_categoria`) VALUES ('000057', 'Sacco Letto Ferrino Lightec ssq 950', 'Sacchi a pelo');
INSERT INTO `databaseweb`.`prodotto` (`Codice_prodotto`, `Nome_prodotto`, `Nome_categoria`) VALUES ('000058', 'Sacco a Pelo Vaude Sioux 800 Il Syn', 'Sacchi a pelo');
INSERT INTO `databaseweb`.`prodotto` (`Codice_prodotto`, `Nome_prodotto`, `Nome_categoria`) VALUES ('000059', 'Sacco Letto Mountain Equipment Olympus 450', 'Sacchi a pelo');
INSERT INTO `databaseweb`.`prodotto` (`Codice_prodotto`, `Nome_prodotto`, `Nome_categoria`) VALUES ('000060', 'Sacco Letto Mountain Equipment Transalp', 'Sacchi a pelo');
INSERT INTO `databaseweb`.`prodotto` (`Codice_prodotto`, `Nome_prodotto`, `Nome_categoria`) VALUES ('000061', 'Sacco Letto Millet Baikal 750', 'Sacchi a pelo');
INSERT INTO `databaseweb`.`prodotto` (`Codice_prodotto`, `Nome_prodotto`, `Nome_categoria`) VALUES ('000062', 'Sacco Letto Hannah Bivak 160', 'Sacchi a pelo');
INSERT INTO `databaseweb`.`prodotto` (`Codice_prodotto`, `Nome_prodotto`, `Nome_categoria`) VALUES ('000063', 'Sacco Letto Hannah Joffre 160', 'Sacchi a pelo');
INSERT INTO `databaseweb`.`prodotto` (`Codice_prodotto`, `Nome_prodotto`, `Nome_categoria`) VALUES ('000064', 'Sacco a pelo National Geographic', 'Sacchi a pelo');
INSERT INTO `databaseweb`.`prodotto` (`Codice_prodotto`, `Nome_prodotto`, `Nome_categoria`) VALUES ('000065', 'Sacco a pelo Hannah Scout 120', 'Sacchi a pelo');
INSERT INTO `databaseweb`.`prodotto` (`Codice_prodotto`, `Nome_prodotto`, `Nome_categoria`) VALUES ('000066', 'Sacco a pelo Hannah Micro 80', 'Sacchi a pelo');
INSERT INTO `databaseweb`.`prodotto` (`Codice_prodotto`, `Nome_prodotto`, `Nome_categoria`) VALUES ('000067', 'Tenda Covert 3 Hannah', 'Tende');
INSERT INTO `databaseweb`.`prodotto` (`Codice_prodotto`, `Nome_prodotto`, `Nome_categoria`) VALUES ('000068', 'Tenda Tycoon 2 Hannah', 'Tende');
INSERT INTO `databaseweb`.`prodotto` (`Codice_prodotto`, `Nome_prodotto`, `Nome_categoria`) VALUES ('000069', 'Tenda Tercel 2 Light Hannah', 'Tende');
INSERT INTO `databaseweb`.`prodotto` (`Codice_prodotto`, `Nome_prodotto`, `Nome_categoria`) VALUES ('000070', 'Tenda Camp Minima Evo', 'Tende');
INSERT INTO `databaseweb`.`prodotto` (`Codice_prodotto`, `Nome_prodotto`, `Nome_categoria`) VALUES ('000071', 'Tenda Hyperfest 2 Regatta', 'Tende');
INSERT INTO `databaseweb`.`prodotto` (`Codice_prodotto`, `Nome_prodotto`, `Nome_categoria`) VALUES ('000072', 'Tenda Leader 8 posti Ferrino', 'Tende');
INSERT INTO `databaseweb`.`prodotto` (`Codice_prodotto`, `Nome_prodotto`, `Nome_categoria`) VALUES ('000073', 'Tenda squadriglia Tortuga Lambro 8 posti', 'Tende');
INSERT INTO `databaseweb`.`prodotto` (`Codice_prodotto`, `Nome_prodotto`, `Nome_categoria`) VALUES ('000074', 'Tenda Ferrino Grit 2', 'Tende');
INSERT INTO `databaseweb`.`prodotto` (`Codice_prodotto`, `Nome_prodotto`, `Nome_categoria`) VALUES ('000075', 'Tenda Ferrino Trivor 2', 'Tende');
INSERT INTO `databaseweb`.`prodotto` (`Codice_prodotto`, `Nome_prodotto`, `Nome_categoria`) VALUES ('000076', 'Tenda Ferrino Sintesi 1', 'Tende');
INSERT INTO `databaseweb`.`prodotto` (`Codice_prodotto`, `Nome_prodotto`, `Nome_categoria`) VALUES ('000077', 'Tenda Regatta Montegra 2', 'Tende');
INSERT INTO `databaseweb`.`prodotto` (`Codice_prodotto`, `Nome_prodotto`, `Nome_categoria`) VALUES ('000078', 'Tenda Regatta ZeeFest 2', 'Tende');
INSERT INTO `databaseweb`.`prodotto` (`Codice_prodotto`, `Nome_prodotto`, `Nome_categoria`) VALUES ('000079', 'Tenda Ferrino MTB', 'Tende');
INSERT INTO `databaseweb`.`prodotto` (`Codice_prodotto`, `Nome_prodotto`, `Nome_categoria`) VALUES ('000080', 'Tenda Ferrino Skyline 3 Alu', 'Tende');
INSERT INTO `databaseweb`.`prodotto` (`Codice_prodotto`, `Nome_prodotto`, `Nome_categoria`) VALUES ('000081', 'Zaino Wecamp Odle 30', 'Zaini');
INSERT INTO `databaseweb`.`prodotto` (`Codice_prodotto`, `Nome_prodotto`, `Nome_categoria`) VALUES ('000082', 'Zaino Ferrino Appalcachian 75', 'Zaini');
INSERT INTO `databaseweb`.`prodotto` (`Codice_prodotto`, `Nome_prodotto`, `Nome_categoria`) VALUES ('000083', 'Zaino Ferrino Appalcachian 55', 'Zaini');
INSERT INTO `databaseweb`.`prodotto` (`Codice_prodotto`, `Nome_prodotto`, `Nome_categoria`) VALUES ('000084', 'Zaino Deuter Trekking Lite 55', 'Zaini');
INSERT INTO `databaseweb`.`prodotto` (`Codice_prodotto`, `Nome_prodotto`, `Nome_categoria`) VALUES ('000085', 'Zaino Trespass Twinpeak 70', 'Zaini');
INSERT INTO `databaseweb`.`prodotto` (`Codice_prodotto`, `Nome_prodotto`, `Nome_categoria`) VALUES ('000086', 'Zaino Deuter Fox 40', 'Zaini');
INSERT INTO `databaseweb`.`prodotto` (`Codice_prodotto`, `Nome_prodotto`, `Nome_categoria`) VALUES ('000087', 'Zaino Gregory Katmai 65', 'Zaini');
INSERT INTO `databaseweb`.`prodotto` (`Codice_prodotto`, `Nome_prodotto`, `Nome_categoria`) VALUES ('000088', 'Zaino Gregory Baltoro 85', 'Zaini');
INSERT INTO `databaseweb`.`prodotto` (`Codice_prodotto`, `Nome_prodotto`, `Nome_categoria`) VALUES ('000089', 'Zaino Gregory Zulu 55', 'Zaini');
INSERT INTO `databaseweb`.`prodotto` (`Codice_prodotto`, `Nome_prodotto`, `Nome_categoria`) VALUES ('000090', 'Zaino Deuter Aircontact lite 50', 'Zaini');
INSERT INTO `databaseweb`.`prodotto` (`Codice_prodotto`, `Nome_prodotto`, `Nome_categoria`) VALUES ('000091', 'Zaino Ferrino Narrows 50', 'Zaini');
INSERT INTO `databaseweb`.`prodotto` (`Codice_prodotto`, `Nome_prodotto`, `Nome_categoria`) VALUES ('000092', 'Zaino Ferrino Narrows 70', 'Zaini');
INSERT INTO `databaseweb`.`prodotto` (`Codice_prodotto`, `Nome_prodotto`, `Nome_categoria`) VALUES ('000093', 'Zaino Regatta Survivor V4 85', 'Zaini');
INSERT INTO `databaseweb`.`prodotto` (`Codice_prodotto`, `Nome_prodotto`, `Nome_categoria`) VALUES ('000094', 'Zaino Ferrino Transalp 100', 'Zaini');
INSERT INTO `databaseweb`.`prodotto` (`Codice_prodotto`, `Nome_prodotto`, `Nome_categoria`) VALUES ('000095', 'Calzettoni 4 stagioni', 'Calzettoni');
INSERT INTO `databaseweb`.`prodotto` (`Codice_prodotto`, `Nome_prodotto`, `Nome_categoria`) VALUES ('000096', 'Camicia Uniforme Scout Agesci', 'Camicie');
INSERT INTO `databaseweb`.`prodotto` (`Codice_prodotto`, `Nome_prodotto`, `Nome_categoria`) VALUES ('000097', 'Maglia Polo Uniforme scout Agesci', 'Camicie');
INSERT INTO `databaseweb`.`prodotto` (`Codice_prodotto`, `Nome_prodotto`, `Nome_categoria`) VALUES ('000098', 'Cintura Uniforme Scout Agesci', 'Cinture');
INSERT INTO `databaseweb`.`prodotto` (`Codice_prodotto`, `Nome_prodotto`, `Nome_categoria`) VALUES ('000099', 'Cintura Uniforme Scout Completa', 'Cinture');
INSERT INTO `databaseweb`.`prodotto` (`Codice_prodotto`, `Nome_prodotto`, `Nome_categoria`) VALUES ('000100', 'Fibbia Cintura Scout ', 'Cinture');
INSERT INTO `databaseweb`.`prodotto` (`Codice_prodotto`, `Nome_prodotto`, `Nome_categoria`) VALUES ('000101', 'Distintivo Promessa Socut', 'Distintivi');
INSERT INTO `databaseweb`.`prodotto` (`Codice_prodotto`, `Nome_prodotto`, `Nome_categoria`) VALUES ('000102', 'Distintivo Promessa Scout WOSM', 'Distintivi');
INSERT INTO `databaseweb`.`prodotto` (`Codice_prodotto`, `Nome_prodotto`, `Nome_categoria`) VALUES ('000103', 'Distintivo Promessa Lupetto', 'Distintivi');
INSERT INTO `databaseweb`.`prodotto` (`Codice_prodotto`, `Nome_prodotto`, `Nome_categoria`) VALUES ('000104', 'Distintivo Promessa Coccinella', 'Distintivi');
INSERT INTO `databaseweb`.`prodotto` (`Codice_prodotto`, `Nome_prodotto`, `Nome_categoria`) VALUES ('000105', 'Distintivo Promessa Assistente Ecclesiastico', 'Distintivi');
INSERT INTO `databaseweb`.`prodotto` (`Codice_prodotto`, `Nome_prodotto`, `Nome_categoria`) VALUES ('000106', 'Distintivo Specialità L/C Scrittore', 'Distintivi');
INSERT INTO `databaseweb`.`prodotto` (`Codice_prodotto`, `Nome_prodotto`, `Nome_categoria`) VALUES ('000107', 'Distintivo Specialità L/C Scaccia Pericoli', 'Distintivi');
INSERT INTO `databaseweb`.`prodotto` (`Codice_prodotto`, `Nome_prodotto`, `Nome_categoria`) VALUES ('000108', 'Distintivo Specialità L/C Sarto', 'Distintivi');
INSERT INTO `databaseweb`.`prodotto` (`Codice_prodotto`, `Nome_prodotto`, `Nome_categoria`) VALUES ('000109', 'Distintivo Specialità L/C Musicista', 'Distintivi');
INSERT INTO `databaseweb`.`prodotto` (`Codice_prodotto`, `Nome_prodotto`, `Nome_categoria`) VALUES ('000110', 'Distintivo Specialità L/C Montanaro', 'Distintivi');
INSERT INTO `databaseweb`.`prodotto` (`Codice_prodotto`, `Nome_prodotto`, `Nome_categoria`) VALUES ('000111', 'Distintivo Specialità L/C Metereologo', 'Distintivi');
INSERT INTO `databaseweb`.`prodotto` (`Codice_prodotto`, `Nome_prodotto`, `Nome_categoria`) VALUES ('000112', 'Distintivo Specialità L/C Mani abili', 'Distintivi');
INSERT INTO `databaseweb`.`prodotto` (`Codice_prodotto`, `Nome_prodotto`, `Nome_categoria`) VALUES ('000113', 'Distintivo Specialità L/C Maestro di danze', 'Distintivi');
INSERT INTO `databaseweb`.`prodotto` (`Codice_prodotto`, `Nome_prodotto`, `Nome_categoria`) VALUES ('000114', 'Distintivo Specialità L/C Maestro della salute', 'Distintivi');
INSERT INTO `databaseweb`.`prodotto` (`Codice_prodotto`, `Nome_prodotto`, `Nome_categoria`) VALUES ('000115', 'Distintivo Specialità L/C Giornalista', 'Distintivi');
INSERT INTO `databaseweb`.`prodotto` (`Codice_prodotto`, `Nome_prodotto`, `Nome_categoria`) VALUES ('000116', 'Distintivo Specialità L/C Kim', 'Distintivi');
INSERT INTO `databaseweb`.`prodotto` (`Codice_prodotto`, `Nome_prodotto`, `Nome_categoria`) VALUES ('000117', 'Distintivo Specialità L/C Maestro dei giochi', 'Distintivi');
INSERT INTO `databaseweb`.`prodotto` (`Codice_prodotto`, `Nome_prodotto`, `Nome_categoria`) VALUES ('000118', 'Distintivo Specialità L/C Giocattolaio', 'Distintivi');
INSERT INTO `databaseweb`.`prodotto` (`Codice_prodotto`, `Nome_prodotto`, `Nome_categoria`) VALUES ('000119', 'Distintivo Specialità L/C Cuoco', 'Distintivi');
INSERT INTO `databaseweb`.`prodotto` (`Codice_prodotto`, `Nome_prodotto`, `Nome_categoria`) VALUES ('000120', 'Distintivo Progr. Personale Terza Tappa', 'Distintivi');
INSERT INTO `databaseweb`.`prodotto` (`Codice_prodotto`, `Nome_prodotto`, `Nome_categoria`) VALUES ('000121', 'Distintivo Progr. Personale Seconda Tappa', 'Distintivi');
INSERT INTO `databaseweb`.`prodotto` (`Codice_prodotto`, `Nome_prodotto`, `Nome_categoria`) VALUES ('000122', 'Distintivo Progr. Personale Prima Tappa', 'Distintivi');
INSERT INTO `databaseweb`.`prodotto` (`Codice_prodotto`, `Nome_prodotto`, `Nome_categoria`) VALUES ('000123', 'Distintivo Progr. Personale Cerchio Coccinella della montagna', 'Distintivi');
INSERT INTO `databaseweb`.`prodotto` (`Codice_prodotto`, `Nome_prodotto`, `Nome_categoria`) VALUES ('000124', 'Distintivo Progr. Personale Cerchio Coccinella della bosco', 'Distintivi');
INSERT INTO `databaseweb`.`prodotto` (`Codice_prodotto`, `Nome_prodotto`, `Nome_categoria`) VALUES ('000125', 'Distintivo Progr. Personale Cerchio Coccinella del prato', 'Distintivi');
INSERT INTO `databaseweb`.`prodotto` (`Codice_prodotto`, `Nome_prodotto`, `Nome_categoria`) VALUES ('000126', 'Distintivo Progr. Personale Branco Lupo Anziano', 'Distintivi');
INSERT INTO `databaseweb`.`prodotto` (`Codice_prodotto`, `Nome_prodotto`, `Nome_categoria`) VALUES ('000127', 'Distintivo Progr. Personale Branco Lupo della Rupe', 'Distintivi');
INSERT INTO `databaseweb`.`prodotto` (`Codice_prodotto`, `Nome_prodotto`, `Nome_categoria`) VALUES ('000128', 'Distintivo Progr. Personale Branco Lupo della Legge', 'Distintivi');
INSERT INTO `databaseweb`.`prodotto` (`Codice_prodotto`, `Nome_prodotto`, `Nome_categoria`) VALUES ('000129', 'Fazzolettone Protezione Civile Agesci', 'Fazzolettoni');
INSERT INTO `databaseweb`.`prodotto` (`Codice_prodotto`, `Nome_prodotto`, `Nome_categoria`) VALUES ('000130', 'Fazzolettone Scout Masci', 'Fazzolettoni');
INSERT INTO `databaseweb`.`prodotto` (`Codice_prodotto`, `Nome_prodotto`, `Nome_categoria`) VALUES ('000131', 'Pantalone corto velluto uomo', 'Pantaloncini');
INSERT INTO `databaseweb`.`prodotto` (`Codice_prodotto`, `Nome_prodotto`, `Nome_categoria`) VALUES ('000132', 'Pantalone corto velluto donna', 'Pantaloncini');
INSERT INTO `databaseweb`.`prodotto` (`Codice_prodotto`, `Nome_prodotto`, `Nome_categoria`) VALUES ('000133', 'Gonna pantalone velluto', 'Pantaloncini');
INSERT INTO `databaseweb`.`prodotto` (`Codice_prodotto`, `Nome_prodotto`, `Nome_categoria`) VALUES ('000134', 'Gonna pantalone gabardine', 'Pantaloncini');
INSERT INTO `databaseweb`.`prodotto` (`Codice_prodotto`, `Nome_prodotto`, `Nome_categoria`) VALUES ('000135', 'Pantalone corto cotone', 'Pantaloncini');
INSERT INTO `databaseweb`.`prodotto` (`Codice_prodotto`, `Nome_prodotto`, `Nome_categoria`) VALUES ('000136', 'Pantalone lungo velluto uomo', 'Pantaloncini');
INSERT INTO `databaseweb`.`prodotto` (`Codice_prodotto`, `Nome_prodotto`, `Nome_categoria`) VALUES ('000137', 'Pantalone lungo velluto donna', 'Pantaloncini');
INSERT INTO `databaseweb`.`prodotto` (`Codice_prodotto`, `Nome_prodotto`, `Nome_categoria`) VALUES ('000138', 'Cartina Alta Valle del Rubicone', 'Cartine');
INSERT INTO `databaseweb`.`prodotto` (`Codice_prodotto`, `Nome_prodotto`, `Nome_categoria`) VALUES ('000139', 'Cartina Monte Carpegna Sasso di Simone', 'Cartine');
INSERT INTO `databaseweb`.`prodotto` (`Codice_prodotto`, `Nome_prodotto`, `Nome_categoria`) VALUES ('000140', 'Cartina Alpe della Luna', 'Cartine');
INSERT INTO `databaseweb`.`prodotto` (`Codice_prodotto`, `Nome_prodotto`, `Nome_categoria`) VALUES ('000141', 'Cartina Monte Fumaiolo Monte Comero', 'Cartine');
INSERT INTO `databaseweb`.`prodotto` (`Codice_prodotto`, `Nome_prodotto`, `Nome_categoria`) VALUES ('000142', 'Cartina Valle del Borrello', 'Cartine');
INSERT INTO `databaseweb`.`prodotto` (`Codice_prodotto`, `Nome_prodotto`, `Nome_categoria`) VALUES ('000143', 'Cartina Bagno di Romagna', 'Cartine');
INSERT INTO `databaseweb`.`prodotto` (`Codice_prodotto`, `Nome_prodotto`, `Nome_categoria`) VALUES ('000144', 'Cartina Parco Nazionale Foreste Casentinesi', 'Cartine');
INSERT INTO `databaseweb`.`prodotto` (`Codice_prodotto`, `Nome_prodotto`, `Nome_categoria`) VALUES ('000145', 'Cartina Alpe di San Benedetto', 'Cartine');
INSERT INTO `databaseweb`.`prodotto` (`Codice_prodotto`, `Nome_prodotto`, `Nome_categoria`) VALUES ('000146', 'Cartina Alta Valle del Lamone', 'Cartine');
INSERT INTO `databaseweb`.`prodotto` (`Codice_prodotto`, `Nome_prodotto`, `Nome_categoria`) VALUES ('000147', 'Manuale della Branca Lupetti e Coccinelle', 'Manuali Scout');
INSERT INTO `databaseweb`.`prodotto` (`Codice_prodotto`, `Nome_prodotto`, `Nome_categoria`) VALUES ('000148', 'Sette Punti Neri', 'Manuali Scout');
INSERT INTO `databaseweb`.`prodotto` (`Codice_prodotto`, `Nome_prodotto`, `Nome_categoria`) VALUES ('000149', 'Manuale della Branca Esploratori e Guide', 'Manuali Scout');
INSERT INTO `databaseweb`.`prodotto` (`Codice_prodotto`, `Nome_prodotto`, `Nome_categoria`) VALUES ('000150', 'Manuale della branca Rover e Scolte', 'Manuali Scout');
INSERT INTO `databaseweb`.`prodotto` (`Codice_prodotto`, `Nome_prodotto`, `Nome_categoria`) VALUES ('000151', 'La veglia R/S', 'Manuali Scout');
INSERT INTO `databaseweb`.`prodotto` (`Codice_prodotto`, `Nome_prodotto`, `Nome_categoria`) VALUES ('000152', 'La Bibbia tascabile', 'Spiritualità Scout');
INSERT INTO `databaseweb`.`prodotto` (`Codice_prodotto`, `Nome_prodotto`, `Nome_categoria`) VALUES ('000153', 'Come la pioggia e la neve', 'Spiritualità Scout');
INSERT INTO `databaseweb`.`prodotto` (`Codice_prodotto`, `Nome_prodotto`, `Nome_categoria`) VALUES ('000154', 'Storie di vita che diventano Parole', 'Spiritualità Scout');
INSERT INTO `databaseweb`.`prodotto` (`Codice_prodotto`, `Nome_prodotto`, `Nome_categoria`) VALUES ('000155', 'La piccola traccia', 'Spiritualità Scout');
INSERT INTO `databaseweb`.`prodotto` (`Codice_prodotto`, `Nome_prodotto`, `Nome_categoria`) VALUES ('000156', 'Giovani in cerca di senso', 'Spiritualità Scout');
INSERT INTO `databaseweb`.`prodotto` (`Codice_prodotto`, `Nome_prodotto`, `Nome_categoria`) VALUES ('000157', 'Manuale di Arte Scout', 'Tecniche Scout');
INSERT INTO `databaseweb`.`prodotto` (`Codice_prodotto`, `Nome_prodotto`, `Nome_categoria`) VALUES ('000158', 'We Love Europe', 'Tecniche Scout');
INSERT INTO `databaseweb`.`prodotto` (`Codice_prodotto`, `Nome_prodotto`, `Nome_categoria`) VALUES ('000159', 'Sicuri in acqua', 'Tecniche Scout');
INSERT INTO `databaseweb`.`prodotto` (`Codice_prodotto`, `Nome_prodotto`, `Nome_categoria`) VALUES ('000160', 'Servizio Missionario', 'Tecniche Scout');
INSERT INTO `databaseweb`.`prodotto` (`Codice_prodotto`, `Nome_prodotto`, `Nome_categoria`) VALUES ('000161', 'I nodi dell\'avventura', 'Tecniche Scout');
INSERT INTO `databaseweb`.`prodotto` (`Codice_prodotto`, `Nome_prodotto`, `Nome_categoria`) VALUES ('000162', 'Salute e primo soccorso', 'Tecniche Scout');
INSERT INTO `databaseweb`.`prodotto` (`Codice_prodotto`, `Nome_prodotto`, `Nome_categoria`) VALUES ('000163', 'Meteo manuale', 'Tecniche Scout');
INSERT INTO `databaseweb`.`prodotto` (`Codice_prodotto`, `Nome_prodotto`, `Nome_categoria`) VALUES ('000164', 'Diventare giornalista', 'Tecniche Scout');
INSERT INTO `databaseweb`.`prodotto` (`Codice_prodotto`, `Nome_prodotto`, `Nome_categoria`) VALUES ('000165', 'Cucina di squadriglia', 'Tecniche Scout');
INSERT INTO `databaseweb`.`prodotto` (`Codice_prodotto`, `Nome_prodotto`, `Nome_categoria`) VALUES ('000166', 'Costruzioni da campo', 'Tecniche Scout');
INSERT INTO `databaseweb`.`prodotto` (`Codice_prodotto`, `Nome_prodotto`, `Nome_categoria`) VALUES ('000167', 'Nodi per tutti', 'Tecniche Scout');
INSERT INTO `databaseweb`.`prodotto` (`Codice_prodotto`, `Nome_prodotto`, `Nome_categoria`) VALUES ('000168', 'Aggiustatutto', 'Tecniche Scout');

/* INSERIMENTO UTENTE VENDITORE */
INSERT INTO `databaseweb`.`utente_venditore` (`E_mail`, `Password`) VALUES ('orazio.spina@studio.unibo.it', '12345');

/* INSERIMENTO UTENTE COMPRATORE */
INSERT INTO `databaseweb`.`utente_compratore` (`E_mail`, `Password`, `Nome`, `Cognome`, `Indirizzo`) VALUES ('mpaggiojr@gmail.com', 'password123', 'Marco', 'Paggetti', 'Via dell\'Università 50 47521 Cesena FC');
INSERT INTO `databaseweb`.`utente_compratore` (`E_mail`, `Password`, `Nome`, `Cognome`, `Indirizzo`) VALUES ('oraziospina@icloud.com', 'password321', 'Orazio', 'Spina', 'Via dell\'Università 50 47521 Cesena FC');

/* INSERIMENTO STATO ORDINE */
INSERT INTO `databaseweb`.`stato_ordine` (`Tipo_stato`) VALUES ('Confermato');
INSERT INTO `databaseweb`.`stato_ordine` (`Tipo_stato`) VALUES ('In preparazione');
INSERT INTO `databaseweb`.`stato_ordine` (`Tipo_stato`) VALUES ('Spedito');
INSERT INTO `databaseweb`.`stato_ordine` (`Tipo_stato`) VALUES ('In transito');
INSERT INTO `databaseweb`.`stato_ordine` (`Tipo_stato`) VALUES ('In consegna');
INSERT INTO `databaseweb`.`stato_ordine` (`Tipo_stato`) VALUES ('Consegnato');

/* INSERIMENTO VERSIONE PRODOTTO */
INSERT INTO `databaseweb`.`versione_prodotto` (`Di_Codice_prodotto`, `Codice_prodotto`, `Marchio`, `Descrizione`, `Colore`, `Taglia`, `Prezzo`, `Disponibilita`, `Nome_immagine`) VALUES ('000002', '_Nero_M', 'WOSM', 'Felpa ufficiale del WOSM. Realizzata in tessuto easy care e con la scritta \"Creating a Better World\" in cinque lingue stampate sul retro. Cappuccio doppio in tessuto con coulisse coordinato e tasca frontale a marsupio. Bordatura a coste con spandex ai polsini e orlo per una migliore elasticità. Cuciture doppie.', 'Nero', 'M', '38.00', '10', 'felpa-wosm-viola.jpg');
INSERT INTO `databaseweb`.`versione_prodotto` (`Di_Codice_prodotto`, `Codice_prodotto`, `Marchio`, `Descrizione`, `Colore`, `Taglia`, `Prezzo`, `Disponibilita`, `Nome_immagine`) VALUES ('000002', '_Nero_L', 'WOSM', 'Felpa ufficiale del WOSM. Realizzata in tessuto easy care e con la scritta \"Creating a Better World\" in cinque lingue stampate sul retro. Cappuccio doppio in tessuto con coulisse coordinato e tasca frontale a marsupio. Bordatura a coste con spandex ai polsini e orlo per una migliore elasticità. Cuciture doppie.', 'Nero', 'L', '39.00', '21', 'felpa-wosm-viola.jpg');
INSERT INTO `databaseweb`.`versione_prodotto` (`Di_Codice_prodotto`, `Codice_prodotto`, `Marchio`, `Descrizione`, `Colore`, `Taglia`, `Prezzo`, `Disponibilita`, `Nome_immagine`) VALUES ('000002', '_Nero_XL', 'WOSM', 'Felpa ufficiale del WOSM. Realizzata in tessuto easy care e con la scritta \"Creating a Better World\" in cinque lingue stampate sul retro. Cappuccio doppio in tessuto con coulisse coordinato e tasca frontale a marsupio. Bordatura a coste con spandex ai polsini e orlo per una migliore elasticità. Cuciture doppie.', 'Nero', 'XL', '40.00', '55', 'felpa-wosm-viola.jpg');
INSERT INTO `databaseweb`.`versione_prodotto` (`Di_Codice_prodotto`, `Codice_prodotto`, `Marchio`, `Descrizione`, `Colore`, `Taglia`, `Prezzo`, `Disponibilita`, `Nome_immagine`) VALUES ('000002', '_Nero_XXL', 'WOSM', 'Felpa ufficiale del WOSM. Realizzata in tessuto easy care e con la scritta \"Creating a Better World\" in cinque lingue stampate sul retro. Cappuccio doppio in tessuto con coulisse coordinato e tasca frontale a marsupio. Bordatura a coste con spandex ai polsini e orlo per una migliore elasticità. Cuciture doppie.', 'Nero', 'XXL', '41.00', '24', 'felpa-wosm-viola.jpg');
INSERT INTO `databaseweb`.`versione_prodotto` (`Di_Codice_prodotto`, `Codice_prodotto`, `Marchio`, `Descrizione`, `Colore`, `Taglia`, `Prezzo`, `Disponibilita`, `Nome_immagine`) VALUES ('000002', '_Viola_S', 'WOSM', 'Felpa ufficiale del WOSM. Realizzata in tessuto easy care e con la scritta \"Creating a Better World\" in cinque lingue stampate sul retro. Cappuccio doppio in tessuto con coulisse coordinato e tasca frontale a marsupio. Bordatura a coste con spandex ai polsini e orlo per una migliore elasticità. Cuciture doppie.', 'Viola', 'S', '38.00', '11', 'felpa-wosm-viola.jpg');
INSERT INTO `databaseweb`.`versione_prodotto` (`Di_Codice_prodotto`, `Codice_prodotto`, `Marchio`, `Descrizione`, `Colore`, `Taglia`, `Prezzo`, `Disponibilita`, `Nome_immagine`) VALUES ('000002', '_Viola_M', 'WOSM', 'Felpa ufficiale del WOSM. Realizzata in tessuto easy care e con la scritta \"Creating a Better World\" in cinque lingue stampate sul retro. Cappuccio doppio in tessuto con coulisse coordinato e tasca frontale a marsupio. Bordatura a coste con spandex ai polsini e orlo per una migliore elasticità. Cuciture doppie.', 'Viola', 'M', '39.00', '42', 'felpa-wosm-viola.jpg');
INSERT INTO `databaseweb`.`versione_prodotto` (`Di_Codice_prodotto`, `Codice_prodotto`, `Marchio`, `Descrizione`, `Colore`, `Taglia`, `Prezzo`, `Disponibilita`, `Nome_immagine`) VALUES ('000002', '_Viola_L', 'WOSM', 'Felpa ufficiale del WOSM. Realizzata in tessuto easy care e con la scritta \"Creating a Better World\" in cinque lingue stampate sul retro. Cappuccio doppio in tessuto con coulisse coordinato e tasca frontale a marsupio. Bordatura a coste con spandex ai polsini e orlo per una migliore elasticità. Cuciture doppie.', 'Viola', 'L', '40.00', '51', 'felpa-wosm-viola.jpg');
INSERT INTO `databaseweb`.`versione_prodotto` (`Di_Codice_prodotto`, `Codice_prodotto`, `Marchio`, `Descrizione`, `Colore`, `Taglia`, `Prezzo`, `Disponibilita`, `Nome_immagine`) VALUES ('000002', '_Viola_XL', 'WOSM', 'Felpa ufficiale del WOSM. Realizzata in tessuto easy care e con la scritta \"Creating a Better World\" in cinque lingue stampate sul retro. Cappuccio doppio in tessuto con coulisse coordinato e tasca frontale a marsupio. Bordatura a coste con spandex ai polsini e orlo per una migliore elasticità. Cuciture doppie.', 'Viola', 'XL', '41.00', '23', 'felpa-wosm-viola.jpg');
INSERT INTO `databaseweb`.`versione_prodotto` (`Di_Codice_prodotto`, `Codice_prodotto`, `Marchio`, `Descrizione`, `Colore`, `Taglia`, `Prezzo`, `Disponibilita`, `Nome_immagine`) VALUES ('000002', '_Viola_XXL', 'WOSM', 'Felpa ufficiale del WOSM. Realizzata in tessuto easy care e con la scritta \"Creating a Better World\" in cinque lingue stampate sul retro. Cappuccio doppio in tessuto con coulisse coordinato e tasca frontale a marsupio. Bordatura a coste con spandex ai polsini e orlo per una migliore elasticità. Cuciture doppie.', 'Viola', 'XXL', '42.00', '12', 'felpa-wosm-viola.jpg');
INSERT INTO `databaseweb`.`versione_prodotto` (`Di_Codice_prodotto`, `Codice_prodotto`, `Marchio`, `Descrizione`, `Colore`, `Taglia`, `Prezzo`, `Disponibilita`, `Nome_immagine`) VALUES ('000004', '_Blu_XS', 'ICEPEAK', 'La giacca ha una fodera in rete traspirante laminata all\'interno del tessuto, inoltre il colletto ha una morbida fodera in tessuto che previene l\'abrasione contro il mento e il collo. La parte anteriore ha tasche con cerniera, le cui tasche in rete consentono il passaggio dell\'aria, in modo che le cerniere delle tasche fungano anche da aperture di ventilazione, se necessario. Oltre alle tasche frontali, c\'è una tasca con cerniera sulla parte superiore del braccio sinistro. Il cappuccio è staccabile e l\'orlo e i polsini possono essere regolati a piacimento.', 'Blu', 'XS', '69.50', '20', 'softshell-icepeak-bathgatedonna.jpg');
INSERT INTO `databaseweb`.`versione_prodotto` (`Di_Codice_prodotto`, `Codice_prodotto`, `Marchio`, `Descrizione`, `Colore`, `Taglia`, `Prezzo`, `Disponibilita`, `Nome_immagine`) VALUES ('000004', '_Blu_S', 'ICEPEAK', 'La giacca ha una fodera in rete traspirante laminata all\'interno del tessuto, inoltre il colletto ha una morbida fodera in tessuto che previene l\'abrasione contro il mento e il collo. La parte anteriore ha tasche con cerniera, le cui tasche in rete consentono il passaggio dell\'aria, in modo che le cerniere delle tasche fungano anche da aperture di ventilazione, se necessario. Oltre alle tasche frontali, c\'è una tasca con cerniera sulla parte superiore del braccio sinistro. Il cappuccio è staccabile e l\'orlo e i polsini possono essere regolati a piacimento.', 'Blu', 'S', '70.50', '41', 'softshell-icepeak-bathgatedonna.jpg');
INSERT INTO `databaseweb`.`versione_prodotto` (`Di_Codice_prodotto`, `Codice_prodotto`, `Marchio`, `Descrizione`, `Colore`, `Taglia`, `Prezzo`, `Disponibilita`, `Nome_immagine`) VALUES ('000004', '_Blu_M', 'ICEPEAK', 'La giacca ha una fodera in rete traspirante laminata all\'interno del tessuto, inoltre il colletto ha una morbida fodera in tessuto che previene l\'abrasione contro il mento e il collo. La parte anteriore ha tasche con cerniera, le cui tasche in rete consentono il passaggio dell\'aria, in modo che le cerniere delle tasche fungano anche da aperture di ventilazione, se necessario. Oltre alle tasche frontali, c\'è una tasca con cerniera sulla parte superiore del braccio sinistro. Il cappuccio è staccabile e l\'orlo e i polsini possono essere regolati a piacimento.', 'Blu', 'M', '71.50', '23', 'softshell-icepeak-bathgatedonna.jpg');
INSERT INTO `databaseweb`.`versione_prodotto` (`Di_Codice_prodotto`, `Codice_prodotto`, `Marchio`, `Descrizione`, `Colore`, `Taglia`, `Prezzo`, `Disponibilita`, `Nome_immagine`) VALUES ('000004', '_Blu_L', 'ICEPEAK', 'La giacca ha una fodera in rete traspirante laminata all\'interno del tessuto, inoltre il colletto ha una morbida fodera in tessuto che previene l\'abrasione contro il mento e il collo. La parte anteriore ha tasche con cerniera, le cui tasche in rete consentono il passaggio dell\'aria, in modo che le cerniere delle tasche fungano anche da aperture di ventilazione, se necessario. Oltre alle tasche frontali, c\'è una tasca con cerniera sulla parte superiore del braccio sinistro. Il cappuccio è staccabile e l\'orlo e i polsini possono essere regolati a piacimento.', 'Blu', 'L', '72.50', '52', 'softshell-icepeak-bathgatedonna.jpg');
INSERT INTO `databaseweb`.`versione_prodotto` (`Di_Codice_prodotto`, `Codice_prodotto`, `Marchio`, `Descrizione`, `Colore`, `Taglia`, `Prezzo`, `Disponibilita`, `Nome_immagine`) VALUES ('000004', '_Blu_XL', 'ICEPEAK', 'La giacca ha una fodera in rete traspirante laminata all\'interno del tessuto, inoltre il colletto ha una morbida fodera in tessuto che previene l\'abrasione contro il mento e il collo. La parte anteriore ha tasche con cerniera, le cui tasche in rete consentono il passaggio dell\'aria, in modo che le cerniere delle tasche fungano anche da aperture di ventilazione, se necessario. Oltre alle tasche frontali, c\'è una tasca con cerniera sulla parte superiore del braccio sinistro. Il cappuccio è staccabile e l\'orlo e i polsini possono essere regolati a piacimento.', 'Blu', 'XL', '73.50', '12', 'softshell-icepeak-bathgatedonna.jpg');
INSERT INTO `databaseweb`.`versione_prodotto` (`Di_Codice_prodotto`, `Codice_prodotto`, `Marchio`, `Descrizione`, `Colore`, `Taglia`, `Prezzo`, `Disponibilita`, `Nome_immagine`) VALUES ('000004', '_Blu_XXL', 'ICEPEAK', 'La giacca ha una fodera in rete traspirante laminata all\'interno del tessuto, inoltre il colletto ha una morbida fodera in tessuto che previene l\'abrasione contro il mento e il collo. La parte anteriore ha tasche con cerniera, le cui tasche in rete consentono il passaggio dell\'aria, in modo che le cerniere delle tasche fungano anche da aperture di ventilazione, se necessario. Oltre alle tasche frontali, c\'è una tasca con cerniera sulla parte superiore del braccio sinistro. Il cappuccio è staccabile e l\'orlo e i polsini possono essere regolati a piacimento.', 'Blu', 'XXL', '74.50', '24', 'softshell-icepeak-bathgatedonna.jpg');
INSERT INTO `databaseweb`.`versione_prodotto` (`Di_Codice_prodotto`, `Codice_prodotto`, `Marchio`, `Descrizione`, `Colore`, `Taglia`, `Prezzo`, `Disponibilita`, `Nome_immagine`) VALUES ('000004', '_Nero_XS', 'ICEPEAK', 'La giacca ha una fodera in rete traspirante laminata all\'interno del tessuto, inoltre il colletto ha una morbida fodera in tessuto che previene l\'abrasione contro il mento e il collo. La parte anteriore ha tasche con cerniera, le cui tasche in rete consentono il passaggio dell\'aria, in modo che le cerniere delle tasche fungano anche da aperture di ventilazione, se necessario. Oltre alle tasche frontali, c\'è una tasca con cerniera sulla parte superiore del braccio sinistro. Il cappuccio è staccabile e l\'orlo e i polsini possono essere regolati a piacimento.', 'Nero', 'XS', '69.50', '20', 'softshell-icepeak-bathgatedonna.jpg');
INSERT INTO `databaseweb`.`versione_prodotto` (`Di_Codice_prodotto`, `Codice_prodotto`, `Marchio`, `Descrizione`, `Colore`, `Taglia`, `Prezzo`, `Disponibilita`, `Nome_immagine`) VALUES ('000004', '_Nero_S', 'ICEPEAK', 'La giacca ha una fodera in rete traspirante laminata all\'interno del tessuto, inoltre il colletto ha una morbida fodera in tessuto che previene l\'abrasione contro il mento e il collo. La parte anteriore ha tasche con cerniera, le cui tasche in rete consentono il passaggio dell\'aria, in modo che le cerniere delle tasche fungano anche da aperture di ventilazione, se necessario. Oltre alle tasche frontali, c\'è una tasca con cerniera sulla parte superiore del braccio sinistro. Il cappuccio è staccabile e l\'orlo e i polsini possono essere regolati a piacimento.', 'Nero', 'S', '70.50', '39', 'softshell-icepeak-bathgatedonna.jpg');
INSERT INTO `databaseweb`.`versione_prodotto` (`Di_Codice_prodotto`, `Codice_prodotto`, `Marchio`, `Descrizione`, `Colore`, `Taglia`, `Prezzo`, `Disponibilita`, `Nome_immagine`) VALUES ('000004', '_Nero_M', 'ICEPEAK', 'La giacca ha una fodera in rete traspirante laminata all\'interno del tessuto, inoltre il colletto ha una morbida fodera in tessuto che previene l\'abrasione contro il mento e il collo. La parte anteriore ha tasche con cerniera, le cui tasche in rete consentono il passaggio dell\'aria, in modo che le cerniere delle tasche fungano anche da aperture di ventilazione, se necessario. Oltre alle tasche frontali, c\'è una tasca con cerniera sulla parte superiore del braccio sinistro. Il cappuccio è staccabile e l\'orlo e i polsini possono essere regolati a piacimento.', 'Nero', 'M', '71.50', '23', 'softshell-icepeak-bathgatedonna.jpg');
INSERT INTO `databaseweb`.`versione_prodotto` (`Di_Codice_prodotto`, `Codice_prodotto`, `Marchio`, `Descrizione`, `Colore`, `Taglia`, `Prezzo`, `Disponibilita`, `Nome_immagine`) VALUES ('000004', '_Nero_L', 'ICEPEAK', 'La giacca ha una fodera in rete traspirante laminata all\'interno del tessuto, inoltre il colletto ha una morbida fodera in tessuto che previene l\'abrasione contro il mento e il collo. La parte anteriore ha tasche con cerniera, le cui tasche in rete consentono il passaggio dell\'aria, in modo che le cerniere delle tasche fungano anche da aperture di ventilazione, se necessario. Oltre alle tasche frontali, c\'è una tasca con cerniera sulla parte superiore del braccio sinistro. Il cappuccio è staccabile e l\'orlo e i polsini possono essere regolati a piacimento.', 'Nero', 'L', '72.50', '18', 'softshell-icepeak-bathgatedonna.jpg');
INSERT INTO `databaseweb`.`versione_prodotto` (`Di_Codice_prodotto`, `Codice_prodotto`, `Marchio`, `Descrizione`, `Colore`, `Taglia`, `Prezzo`, `Disponibilita`, `Nome_immagine`) VALUES ('000004', '_Nero_XL', 'ICEPEAK', 'La giacca ha una fodera in rete traspirante laminata all\'interno del tessuto, inoltre il colletto ha una morbida fodera in tessuto che previene l\'abrasione contro il mento e il collo. La parte anteriore ha tasche con cerniera, le cui tasche in rete consentono il passaggio dell\'aria, in modo che le cerniere delle tasche fungano anche da aperture di ventilazione, se necessario. Oltre alle tasche frontali, c\'è una tasca con cerniera sulla parte superiore del braccio sinistro. Il cappuccio è staccabile e l\'orlo e i polsini possono essere regolati a piacimento.', 'Nero', 'XL', '73.50', '12', 'softshell-icepeak-bathgatedonna.jpg');
INSERT INTO `databaseweb`.`versione_prodotto` (`Di_Codice_prodotto`, `Codice_prodotto`, `Marchio`, `Descrizione`, `Colore`, `Taglia`, `Prezzo`, `Disponibilita`, `Nome_immagine`) VALUES ('000004', '_Nero_XXL', 'ICEPEAK', 'La giacca ha una fodera in rete traspirante laminata all\'interno del tessuto, inoltre il colletto ha una morbida fodera in tessuto che previene l\'abrasione contro il mento e il collo. La parte anteriore ha tasche con cerniera, le cui tasche in rete consentono il passaggio dell\'aria, in modo che le cerniere delle tasche fungano anche da aperture di ventilazione, se necessario. Oltre alle tasche frontali, c\'è una tasca con cerniera sulla parte superiore del braccio sinistro. Il cappuccio è staccabile e l\'orlo e i polsini possono essere regolati a piacimento.', 'Nero', 'XXL', '74.50', '38', 'softshell-icepeak-bathgatedonna.jpg');
INSERT INTO `databaseweb`.`versione_prodotto` (`Di_Codice_prodotto`, `Codice_prodotto`, `Marchio`, `Descrizione`, `Colore`, `Taglia`, `Prezzo`, `Disponibilita`, `Nome_immagine`) VALUES ('000004', '_Rosa_XS', 'ICEPEAK', 'La giacca ha una fodera in rete traspirante laminata all\'interno del tessuto, inoltre il colletto ha una morbida fodera in tessuto che previene l\'abrasione contro il mento e il collo. La parte anteriore ha tasche con cerniera, le cui tasche in rete consentono il passaggio dell\'aria, in modo che le cerniere delle tasche fungano anche da aperture di ventilazione, se necessario. Oltre alle tasche frontali, c\'è una tasca con cerniera sulla parte superiore del braccio sinistro. Il cappuccio è staccabile e l\'orlo e i polsini possono essere regolati a piacimento.', 'Rosa', 'XS', '69.50', '32', 'softshell-icepeak-bathgatedonna.jpg');
INSERT INTO `databaseweb`.`versione_prodotto` (`Di_Codice_prodotto`, `Codice_prodotto`, `Marchio`, `Descrizione`, `Colore`, `Taglia`, `Prezzo`, `Disponibilita`, `Nome_immagine`) VALUES ('000004', '_Rosa_S', 'ICEPEAK', 'La giacca ha una fodera in rete traspirante laminata all\'interno del tessuto, inoltre il colletto ha una morbida fodera in tessuto che previene l\'abrasione contro il mento e il collo. La parte anteriore ha tasche con cerniera, le cui tasche in rete consentono il passaggio dell\'aria, in modo che le cerniere delle tasche fungano anche da aperture di ventilazione, se necessario. Oltre alle tasche frontali, c\'è una tasca con cerniera sulla parte superiore del braccio sinistro. Il cappuccio è staccabile e l\'orlo e i polsini possono essere regolati a piacimento.', 'Rosa', 'S', '70.50', '49', 'softshell-icepeak-bathgatedonna.jpg');
INSERT INTO `databaseweb`.`versione_prodotto` (`Di_Codice_prodotto`, `Codice_prodotto`, `Marchio`, `Descrizione`, `Colore`, `Taglia`, `Prezzo`, `Disponibilita`, `Nome_immagine`) VALUES ('000004', '_Rosa_M', 'ICEPEAK', 'La giacca ha una fodera in rete traspirante laminata all\'interno del tessuto, inoltre il colletto ha una morbida fodera in tessuto che previene l\'abrasione contro il mento e il collo. La parte anteriore ha tasche con cerniera, le cui tasche in rete consentono il passaggio dell\'aria, in modo che le cerniere delle tasche fungano anche da aperture di ventilazione, se necessario. Oltre alle tasche frontali, c\'è una tasca con cerniera sulla parte superiore del braccio sinistro. Il cappuccio è staccabile e l\'orlo e i polsini possono essere regolati a piacimento.', 'Rosa', 'M', '71.50', '24', 'softshell-icepeak-bathgatedonna.jpg');
INSERT INTO `databaseweb`.`versione_prodotto` (`Di_Codice_prodotto`, `Codice_prodotto`, `Marchio`, `Descrizione`, `Colore`, `Taglia`, `Prezzo`, `Disponibilita`, `Nome_immagine`) VALUES ('000004', '_Rosa_L', 'ICEPEAK', 'La giacca ha una fodera in rete traspirante laminata all\'interno del tessuto, inoltre il colletto ha una morbida fodera in tessuto che previene l\'abrasione contro il mento e il collo. La parte anteriore ha tasche con cerniera, le cui tasche in rete consentono il passaggio dell\'aria, in modo che le cerniere delle tasche fungano anche da aperture di ventilazione, se necessario. Oltre alle tasche frontali, c\'è una tasca con cerniera sulla parte superiore del braccio sinistro. Il cappuccio è staccabile e l\'orlo e i polsini possono essere regolati a piacimento.', 'Rosa', 'L', '72.50', '15', 'softshell-icepeak-bathgatedonna.jpg');
INSERT INTO `databaseweb`.`versione_prodotto` (`Di_Codice_prodotto`, `Codice_prodotto`, `Marchio`, `Descrizione`, `Colore`, `Taglia`, `Prezzo`, `Disponibilita`, `Nome_immagine`) VALUES ('000004', '_Rosa_XL', 'ICEPEAK', 'La giacca ha una fodera in rete traspirante laminata all\'interno del tessuto, inoltre il colletto ha una morbida fodera in tessuto che previene l\'abrasione contro il mento e il collo. La parte anteriore ha tasche con cerniera, le cui tasche in rete consentono il passaggio dell\'aria, in modo che le cerniere delle tasche fungano anche da aperture di ventilazione, se necessario. Oltre alle tasche frontali, c\'è una tasca con cerniera sulla parte superiore del braccio sinistro. Il cappuccio è staccabile e l\'orlo e i polsini possono essere regolati a piacimento.', 'Rosa', 'XL', '73.50', '14', 'softshell-icepeak-bathgatedonna.jpg');
INSERT INTO `databaseweb`.`versione_prodotto` (`Di_Codice_prodotto`, `Codice_prodotto`, `Marchio`, `Descrizione`, `Colore`, `Taglia`, `Prezzo`, `Disponibilita`, `Nome_immagine`) VALUES ('000004', '_Rosa_XXL', 'ICEPEAK', 'La giacca ha una fodera in rete traspirante laminata all\'interno del tessuto, inoltre il colletto ha una morbida fodera in tessuto che previene l\'abrasione contro il mento e il collo. La parte anteriore ha tasche con cerniera, le cui tasche in rete consentono il passaggio dell\'aria, in modo che le cerniere delle tasche fungano anche da aperture di ventilazione, se necessario. Oltre alle tasche frontali, c\'è una tasca con cerniera sulla parte superiore del braccio sinistro. Il cappuccio è staccabile e l\'orlo e i polsini possono essere regolati a piacimento.', 'Rosa', 'XXL', '74.50', '12', 'softshell-icepeak-bathgatedonna.jpg');
INSERT INTO `databaseweb`.`versione_prodotto` (`Di_Codice_prodotto`, `Codice_prodotto`, `Marchio`, `Descrizione`, `Colore`, `Taglia`, `Prezzo`, `Disponibilita`, `Nome_immagine`) VALUES ('000005', '_Blu_XS', 'ICEPEAK', 'La giacca ha una fodera in rete traspirante laminata all\'interno del tessuto, inoltre il colletto ha una morbida fodera in tessuto che previene l\'abrasione contro il mento e il collo. La parte anteriore ha tasche con cerniera, le cui tasche in rete consentono il passaggio dell\'aria, in modo che le cerniere delle tasche fungano anche da aperture di ventilazione, se necessario. Oltre alle tasche frontali, c\'è una tasca con cerniera sulla parte superiore del braccio sinistro. Il cappuccio è staccabile e l\'orlo e i polsini possono essere regolati a piacimento.', 'Blu', 'XS', '69.50', '20', 'softshell-icepeak-bathgatedonna.jpg');
INSERT INTO `databaseweb`.`versione_prodotto` (`Di_Codice_prodotto`, `Codice_prodotto`, `Marchio`, `Descrizione`, `Colore`, `Taglia`, `Prezzo`, `Disponibilita`, `Nome_immagine`) VALUES ('000005', '_Blu_S', 'ICEPEAK', 'La giacca ha una fodera in rete traspirante laminata all\'interno del tessuto, inoltre il colletto ha una morbida fodera in tessuto che previene l\'abrasione contro il mento e il collo. La parte anteriore ha tasche con cerniera, le cui tasche in rete consentono il passaggio dell\'aria, in modo che le cerniere delle tasche fungano anche da aperture di ventilazione, se necessario. Oltre alle tasche frontali, c\'è una tasca con cerniera sulla parte superiore del braccio sinistro. Il cappuccio è staccabile e l\'orlo e i polsini possono essere regolati a piacimento.', 'Blu', 'S', '70.50', '41', 'softshell-icepeak-bathgatedonna.jpg');
INSERT INTO `databaseweb`.`versione_prodotto` (`Di_Codice_prodotto`, `Codice_prodotto`, `Marchio`, `Descrizione`, `Colore`, `Taglia`, `Prezzo`, `Disponibilita`, `Nome_immagine`) VALUES ('000005', '_Blu_M', 'ICEPEAK', 'La giacca ha una fodera in rete traspirante laminata all\'interno del tessuto, inoltre il colletto ha una morbida fodera in tessuto che previene l\'abrasione contro il mento e il collo. La parte anteriore ha tasche con cerniera, le cui tasche in rete consentono il passaggio dell\'aria, in modo che le cerniere delle tasche fungano anche da aperture di ventilazione, se necessario. Oltre alle tasche frontali, c\'è una tasca con cerniera sulla parte superiore del braccio sinistro. Il cappuccio è staccabile e l\'orlo e i polsini possono essere regolati a piacimento.', 'Blu', 'M', '71.50', '23', 'softshell-icepeak-bathgatedonna.jpg');
INSERT INTO `databaseweb`.`versione_prodotto` (`Di_Codice_prodotto`, `Codice_prodotto`, `Marchio`, `Descrizione`, `Colore`, `Taglia`, `Prezzo`, `Disponibilita`, `Nome_immagine`) VALUES ('000005', '_Blu_L', 'ICEPEAK', 'La giacca ha una fodera in rete traspirante laminata all\'interno del tessuto, inoltre il colletto ha una morbida fodera in tessuto che previene l\'abrasione contro il mento e il collo. La parte anteriore ha tasche con cerniera, le cui tasche in rete consentono il passaggio dell\'aria, in modo che le cerniere delle tasche fungano anche da aperture di ventilazione, se necessario. Oltre alle tasche frontali, c\'è una tasca con cerniera sulla parte superiore del braccio sinistro. Il cappuccio è staccabile e l\'orlo e i polsini possono essere regolati a piacimento.', 'Blu', 'L', '72.50', '52', 'softshell-icepeak-bathgatedonna.jpg');
INSERT INTO `databaseweb`.`versione_prodotto` (`Di_Codice_prodotto`, `Codice_prodotto`, `Marchio`, `Descrizione`, `Colore`, `Taglia`, `Prezzo`, `Disponibilita`, `Nome_immagine`) VALUES ('000005', '_Blu_XL', 'ICEPEAK', 'La giacca ha una fodera in rete traspirante laminata all\'interno del tessuto, inoltre il colletto ha una morbida fodera in tessuto che previene l\'abrasione contro il mento e il collo. La parte anteriore ha tasche con cerniera, le cui tasche in rete consentono il passaggio dell\'aria, in modo che le cerniere delle tasche fungano anche da aperture di ventilazione, se necessario. Oltre alle tasche frontali, c\'è una tasca con cerniera sulla parte superiore del braccio sinistro. Il cappuccio è staccabile e l\'orlo e i polsini possono essere regolati a piacimento.', 'Blu', 'XL', '73.50', '12', 'softshell-icepeak-bathgatedonna.jpg');
INSERT INTO `databaseweb`.`versione_prodotto` (`Di_Codice_prodotto`, `Codice_prodotto`, `Marchio`, `Descrizione`, `Colore`, `Taglia`, `Prezzo`, `Disponibilita`, `Nome_immagine`) VALUES ('000005', '_Blu_XXL', 'ICEPEAK', 'La giacca ha una fodera in rete traspirante laminata all\'interno del tessuto, inoltre il colletto ha una morbida fodera in tessuto che previene l\'abrasione contro il mento e il collo. La parte anteriore ha tasche con cerniera, le cui tasche in rete consentono il passaggio dell\'aria, in modo che le cerniere delle tasche fungano anche da aperture di ventilazione, se necessario. Oltre alle tasche frontali, c\'è una tasca con cerniera sulla parte superiore del braccio sinistro. Il cappuccio è staccabile e l\'orlo e i polsini possono essere regolati a piacimento.', 'Blu', 'XXL', '74.50', '24', 'softshell-icepeak-bathgatedonna.jpg');
INSERT INTO `databaseweb`.`versione_prodotto` (`Di_Codice_prodotto`, `Codice_prodotto`, `Marchio`, `Descrizione`, `Colore`, `Taglia`, `Prezzo`, `Disponibilita`, `Nome_immagine`) VALUES ('000005', '_Nero_XS', 'ICEPEAK', 'La giacca ha una fodera in rete traspirante laminata all\'interno del tessuto, inoltre il colletto ha una morbida fodera in tessuto che previene l\'abrasione contro il mento e il collo. La parte anteriore ha tasche con cerniera, le cui tasche in rete consentono il passaggio dell\'aria, in modo che le cerniere delle tasche fungano anche da aperture di ventilazione, se necessario. Oltre alle tasche frontali, c\'è una tasca con cerniera sulla parte superiore del braccio sinistro. Il cappuccio è staccabile e l\'orlo e i polsini possono essere regolati a piacimento.', 'Nero', 'XS', '69.50', '20', 'softshell-icepeak-bathgatedonna.jpg');
INSERT INTO `databaseweb`.`versione_prodotto` (`Di_Codice_prodotto`, `Codice_prodotto`, `Marchio`, `Descrizione`, `Colore`, `Taglia`, `Prezzo`, `Disponibilita`, `Nome_immagine`) VALUES ('000005', '_Nero_S', 'ICEPEAK', 'La giacca ha una fodera in rete traspirante laminata all\'interno del tessuto, inoltre il colletto ha una morbida fodera in tessuto che previene l\'abrasione contro il mento e il collo. La parte anteriore ha tasche con cerniera, le cui tasche in rete consentono il passaggio dell\'aria, in modo che le cerniere delle tasche fungano anche da aperture di ventilazione, se necessario. Oltre alle tasche frontali, c\'è una tasca con cerniera sulla parte superiore del braccio sinistro. Il cappuccio è staccabile e l\'orlo e i polsini possono essere regolati a piacimento.', 'Nero', 'S', '70.50', '39', 'softshell-icepeak-bathgatedonna.jpg');
INSERT INTO `databaseweb`.`versione_prodotto` (`Di_Codice_prodotto`, `Codice_prodotto`, `Marchio`, `Descrizione`, `Colore`, `Taglia`, `Prezzo`, `Disponibilita`, `Nome_immagine`) VALUES ('000005', '_Nero_M', 'ICEPEAK', 'La giacca ha una fodera in rete traspirante laminata all\'interno del tessuto, inoltre il colletto ha una morbida fodera in tessuto che previene l\'abrasione contro il mento e il collo. La parte anteriore ha tasche con cerniera, le cui tasche in rete consentono il passaggio dell\'aria, in modo che le cerniere delle tasche fungano anche da aperture di ventilazione, se necessario. Oltre alle tasche frontali, c\'è una tasca con cerniera sulla parte superiore del braccio sinistro. Il cappuccio è staccabile e l\'orlo e i polsini possono essere regolati a piacimento.', 'Nero', 'M', '71.50', '23', 'softshell-icepeak-bathgatedonna.jpg');
INSERT INTO `databaseweb`.`versione_prodotto` (`Di_Codice_prodotto`, `Codice_prodotto`, `Marchio`, `Descrizione`, `Colore`, `Taglia`, `Prezzo`, `Disponibilita`, `Nome_immagine`) VALUES ('000005', '_Nero_L', 'ICEPEAK', 'La giacca ha una fodera in rete traspirante laminata all\'interno del tessuto, inoltre il colletto ha una morbida fodera in tessuto che previene l\'abrasione contro il mento e il collo. La parte anteriore ha tasche con cerniera, le cui tasche in rete consentono il passaggio dell\'aria, in modo che le cerniere delle tasche fungano anche da aperture di ventilazione, se necessario. Oltre alle tasche frontali, c\'è una tasca con cerniera sulla parte superiore del braccio sinistro. Il cappuccio è staccabile e l\'orlo e i polsini possono essere regolati a piacimento.', 'Nero', 'L', '72.50', '18', 'softshell-icepeak-bathgatedonna.jpg');
INSERT INTO `databaseweb`.`versione_prodotto` (`Di_Codice_prodotto`, `Codice_prodotto`, `Marchio`, `Descrizione`, `Colore`, `Taglia`, `Prezzo`, `Disponibilita`, `Nome_immagine`) VALUES ('000005', '_Nero_XL', 'ICEPEAK', 'La giacca ha una fodera in rete traspirante laminata all\'interno del tessuto, inoltre il colletto ha una morbida fodera in tessuto che previene l\'abrasione contro il mento e il collo. La parte anteriore ha tasche con cerniera, le cui tasche in rete consentono il passaggio dell\'aria, in modo che le cerniere delle tasche fungano anche da aperture di ventilazione, se necessario. Oltre alle tasche frontali, c\'è una tasca con cerniera sulla parte superiore del braccio sinistro. Il cappuccio è staccabile e l\'orlo e i polsini possono essere regolati a piacimento.', 'Nero', 'XL', '73.50', '12', 'softshell-icepeak-bathgatedonna.jpg');
INSERT INTO `databaseweb`.`versione_prodotto` (`Di_Codice_prodotto`, `Codice_prodotto`, `Marchio`, `Descrizione`, `Colore`, `Taglia`, `Prezzo`, `Disponibilita`, `Nome_immagine`) VALUES ('000005', '_Nero_XXL', 'ICEPEAK', 'La giacca ha una fodera in rete traspirante laminata all\'interno del tessuto, inoltre il colletto ha una morbida fodera in tessuto che previene l\'abrasione contro il mento e il collo. La parte anteriore ha tasche con cerniera, le cui tasche in rete consentono il passaggio dell\'aria, in modo che le cerniere delle tasche fungano anche da aperture di ventilazione, se necessario. Oltre alle tasche frontali, c\'è una tasca con cerniera sulla parte superiore del braccio sinistro. Il cappuccio è staccabile e l\'orlo e i polsini possono essere regolati a piacimento.', 'Nero', 'XXL', '74.50', '38', 'softshell-icepeak-bathgatedonna.jpg');
INSERT INTO `databaseweb`.`versione_prodotto` (`Di_Codice_prodotto`, `Codice_prodotto`, `Marchio`, `Descrizione`, `Colore`, `Taglia`, `Prezzo`, `Disponibilita`, `Nome_immagine`) VALUES ('000005', '_Rosa_XS', 'ICEPEAK', 'La giacca ha una fodera in rete traspirante laminata all\'interno del tessuto, inoltre il colletto ha una morbida fodera in tessuto che previene l\'abrasione contro il mento e il collo. La parte anteriore ha tasche con cerniera, le cui tasche in rete consentono il passaggio dell\'aria, in modo che le cerniere delle tasche fungano anche da aperture di ventilazione, se necessario. Oltre alle tasche frontali, c\'è una tasca con cerniera sulla parte superiore del braccio sinistro. Il cappuccio è staccabile e l\'orlo e i polsini possono essere regolati a piacimento.', 'Rosa', 'XS', '69.50', '32', 'softshell-icepeak-bathgatedonna.jpg');
INSERT INTO `databaseweb`.`versione_prodotto` (`Di_Codice_prodotto`, `Codice_prodotto`, `Marchio`, `Descrizione`, `Colore`, `Taglia`, `Prezzo`, `Disponibilita`, `Nome_immagine`) VALUES ('000005', '_Rosa_S', 'ICEPEAK', 'La giacca ha una fodera in rete traspirante laminata all\'interno del tessuto, inoltre il colletto ha una morbida fodera in tessuto che previene l\'abrasione contro il mento e il collo. La parte anteriore ha tasche con cerniera, le cui tasche in rete consentono il passaggio dell\'aria, in modo che le cerniere delle tasche fungano anche da aperture di ventilazione, se necessario. Oltre alle tasche frontali, c\'è una tasca con cerniera sulla parte superiore del braccio sinistro. Il cappuccio è staccabile e l\'orlo e i polsini possono essere regolati a piacimento.', 'Rosa', 'S', '70.50', '49', 'softshell-icepeak-bathgatedonna.jpg');
INSERT INTO `databaseweb`.`versione_prodotto` (`Di_Codice_prodotto`, `Codice_prodotto`, `Marchio`, `Descrizione`, `Colore`, `Taglia`, `Prezzo`, `Disponibilita`, `Nome_immagine`) VALUES ('000005', '_Rosa_M', 'ICEPEAK', 'La giacca ha una fodera in rete traspirante laminata all\'interno del tessuto, inoltre il colletto ha una morbida fodera in tessuto che previene l\'abrasione contro il mento e il collo. La parte anteriore ha tasche con cerniera, le cui tasche in rete consentono il passaggio dell\'aria, in modo che le cerniere delle tasche fungano anche da aperture di ventilazione, se necessario. Oltre alle tasche frontali, c\'è una tasca con cerniera sulla parte superiore del braccio sinistro. Il cappuccio è staccabile e l\'orlo e i polsini possono essere regolati a piacimento.', 'Rosa', 'M', '71.50', '24', 'softshell-icepeak-bathgatedonna.jpg');
INSERT INTO `databaseweb`.`versione_prodotto` (`Di_Codice_prodotto`, `Codice_prodotto`, `Marchio`, `Descrizione`, `Colore`, `Taglia`, `Prezzo`, `Disponibilita`, `Nome_immagine`) VALUES ('000005', '_Rosa_L', 'ICEPEAK', 'La giacca ha una fodera in rete traspirante laminata all\'interno del tessuto, inoltre il colletto ha una morbida fodera in tessuto che previene l\'abrasione contro il mento e il collo. La parte anteriore ha tasche con cerniera, le cui tasche in rete consentono il passaggio dell\'aria, in modo che le cerniere delle tasche fungano anche da aperture di ventilazione, se necessario. Oltre alle tasche frontali, c\'è una tasca con cerniera sulla parte superiore del braccio sinistro. Il cappuccio è staccabile e l\'orlo e i polsini possono essere regolati a piacimento.', 'Rosa', 'L', '72.50', '15', 'softshell-icepeak-bathgatedonna.jpg');
INSERT INTO `databaseweb`.`versione_prodotto` (`Di_Codice_prodotto`, `Codice_prodotto`, `Marchio`, `Descrizione`, `Colore`, `Taglia`, `Prezzo`, `Disponibilita`, `Nome_immagine`) VALUES ('000005', '_Rosa_XL', 'ICEPEAK', 'La giacca ha una fodera in rete traspirante laminata all\'interno del tessuto, inoltre il colletto ha una morbida fodera in tessuto che previene l\'abrasione contro il mento e il collo. La parte anteriore ha tasche con cerniera, le cui tasche in rete consentono il passaggio dell\'aria, in modo che le cerniere delle tasche fungano anche da aperture di ventilazione, se necessario. Oltre alle tasche frontali, c\'è una tasca con cerniera sulla parte superiore del braccio sinistro. Il cappuccio è staccabile e l\'orlo e i polsini possono essere regolati a piacimento.', 'Rosa', 'XL', '73.50', '14', 'softshell-icepeak-bathgatedonna.jpg');
INSERT INTO `databaseweb`.`versione_prodotto` (`Di_Codice_prodotto`, `Codice_prodotto`, `Marchio`, `Descrizione`, `Colore`, `Taglia`, `Prezzo`, `Disponibilita`, `Nome_immagine`) VALUES ('000005', '_Rosa_XXL', 'ICEPEAK', 'La giacca ha una fodera in rete traspirante laminata all\'interno del tessuto, inoltre il colletto ha una morbida fodera in tessuto che previene l\'abrasione contro il mento e il collo. La parte anteriore ha tasche con cerniera, le cui tasche in rete consentono il passaggio dell\'aria, in modo che le cerniere delle tasche fungano anche da aperture di ventilazione, se necessario. Oltre alle tasche frontali, c\'è una tasca con cerniera sulla parte superiore del braccio sinistro. Il cappuccio è staccabile e l\'orlo e i polsini possono essere regolati a piacimento.', 'Rosa', 'XXL', '74.50', '12', 'softshell-icepeak-bathgatedonna.jpg');
INSERT INTO `databaseweb`.`versione_prodotto` (`Di_Codice_prodotto`, `Codice_prodotto`, `Marchio`, `Descrizione`, `Colore`, `Taglia`, `Prezzo`, `Disponibilita`, `Nome_immagine`) VALUES ('000006', '_Grigio_XS', 'ICEPEAK', 'La giacca ha una fodera in rete traspirante laminata all\'interno del tessuto, inoltre il colletto ha una morbida fodera in tessuto che previene l\'abrasione contro il mento e il collo. La parte anteriore ha tasche con cerniera, le cui tasche in rete consentono il passaggio dell\'aria, in modo che le cerniere delle tasche fungano anche da aperture di ventilazione, se necessario. Oltre alle tasche frontali, c\'è una tasca con cerniera sulla parte superiore del braccio sinistro. Il cappuccio è staccabile e l\'orlo e i polsini possono essere regolati a piacimento.', 'Grigio', 'XS', '147.00', '29', 'softshell-icepeak-bathgatedonna.jpg');
INSERT INTO `databaseweb`.`versione_prodotto` (`Di_Codice_prodotto`, `Codice_prodotto`, `Marchio`, `Descrizione`, `Colore`, `Taglia`, `Prezzo`, `Disponibilita`, `Nome_immagine`) VALUES ('000006', '_Grigio_S', 'ICEPEAK', 'La giacca ha una fodera in rete traspirante laminata all\'interno del tessuto, inoltre il colletto ha una morbida fodera in tessuto che previene l\'abrasione contro il mento e il collo. La parte anteriore ha tasche con cerniera, le cui tasche in rete consentono il passaggio dell\'aria, in modo che le cerniere delle tasche fungano anche da aperture di ventilazione, se necessario. Oltre alle tasche frontali, c\'è una tasca con cerniera sulla parte superiore del braccio sinistro. Il cappuccio è staccabile e l\'orlo e i polsini possono essere regolati a piacimento.', 'Grigio', 'S', '148.00', '21', 'softshell-icepeak-bathgatedonna.jpg');
INSERT INTO `databaseweb`.`versione_prodotto` (`Di_Codice_prodotto`, `Codice_prodotto`, `Marchio`, `Descrizione`, `Colore`, `Taglia`, `Prezzo`, `Disponibilita`, `Nome_immagine`) VALUES ('000006', '_Grigio_M', 'ICEPEAK', 'La giacca ha una fodera in rete traspirante laminata all\'interno del tessuto, inoltre il colletto ha una morbida fodera in tessuto che previene l\'abrasione contro il mento e il collo. La parte anteriore ha tasche con cerniera, le cui tasche in rete consentono il passaggio dell\'aria, in modo che le cerniere delle tasche fungano anche da aperture di ventilazione, se necessario. Oltre alle tasche frontali, c\'è una tasca con cerniera sulla parte superiore del braccio sinistro. Il cappuccio è staccabile e l\'orlo e i polsini possono essere regolati a piacimento.', 'Grigio', 'M', '149.00', '34', 'softshell-icepeak-bathgatedonna.jpg');
INSERT INTO `databaseweb`.`versione_prodotto` (`Di_Codice_prodotto`, `Codice_prodotto`, `Marchio`, `Descrizione`, `Colore`, `Taglia`, `Prezzo`, `Disponibilita`, `Nome_immagine`) VALUES ('000006', '_Grigio_L', 'ICEPEAK', 'La giacca ha una fodera in rete traspirante laminata all\'interno del tessuto, inoltre il colletto ha una morbida fodera in tessuto che previene l\'abrasione contro il mento e il collo. La parte anteriore ha tasche con cerniera, le cui tasche in rete consentono il passaggio dell\'aria, in modo che le cerniere delle tasche fungano anche da aperture di ventilazione, se necessario. Oltre alle tasche frontali, c\'è una tasca con cerniera sulla parte superiore del braccio sinistro. Il cappuccio è staccabile e l\'orlo e i polsini possono essere regolati a piacimento.', 'Grigio', 'L', '150.00', '27', 'softshell-icepeak-bathgatedonna.jpg');
INSERT INTO `databaseweb`.`versione_prodotto` (`Di_Codice_prodotto`, `Codice_prodotto`, `Marchio`, `Descrizione`, `Colore`, `Taglia`, `Prezzo`, `Disponibilita`, `Nome_immagine`) VALUES ('000006', '_Grigio_XL', 'ICEPEAK', 'La giacca ha una fodera in rete traspirante laminata all\'interno del tessuto, inoltre il colletto ha una morbida fodera in tessuto che previene l\'abrasione contro il mento e il collo. La parte anteriore ha tasche con cerniera, le cui tasche in rete consentono il passaggio dell\'aria, in modo che le cerniere delle tasche fungano anche da aperture di ventilazione, se necessario. Oltre alle tasche frontali, c\'è una tasca con cerniera sulla parte superiore del braccio sinistro. Il cappuccio è staccabile e l\'orlo e i polsini possono essere regolati a piacimento.', 'Grigio', 'XL', '151.00', '52', 'softshell-icepeak-bathgatedonna.jpg');
INSERT INTO `databaseweb`.`versione_prodotto` (`Di_Codice_prodotto`, `Codice_prodotto`, `Marchio`, `Descrizione`, `Colore`, `Taglia`, `Prezzo`, `Disponibilita`, `Nome_immagine`) VALUES ('000006', '_Grigio_XXL', 'ICEPEAK', 'La giacca ha una fodera in rete traspirante laminata all\'interno del tessuto, inoltre il colletto ha una morbida fodera in tessuto che previene l\'abrasione contro il mento e il collo. La parte anteriore ha tasche con cerniera, le cui tasche in rete consentono il passaggio dell\'aria, in modo che le cerniere delle tasche fungano anche da aperture di ventilazione, se necessario. Oltre alle tasche frontali, c\'è una tasca con cerniera sulla parte superiore del braccio sinistro. Il cappuccio è staccabile e l\'orlo e i polsini possono essere regolati a piacimento.', 'Grigio', 'XXL', '152.00', '24', 'softshell-icepeak-bathgatedonna.jpg');






/* PROVE INSERIMENTO VERSIONE PRODOTTO */
INSERT INTO `databaseweb`.`versione_prodotto` (`Di_Codice_prodotto`, `Codice_prodotto`, `Marchio`, `Descrizione`, `Colore`, `Taglia`, `Prezzo`, `Disponibilita`, `Nome_immagine`) VALUES ('000016', '_Bianco_XS', 'Scoutmarchio', 'Magliette Route Nazionale 2024 in cotone, disponibili nei colori delle branche + 1! Queste magliette sono il gadget perfetto per celebrare la tua partecipazione all’evento. Realizzate con cotone di alta qualità, offrono una vestibilità comoda e duratura. Non perdere l’occasione di portare a casa un ricordo unico di questa fantastica esperienza! Affrettatevi saranno disponibili fino ad esaurimento scorte! Il colore Bianco è SOLD OUT….', 'Bianco', 'XS', '0.00', '10', 'route_nazionale-magliette-cotone-disponibili-600x600.jpg');
INSERT INTO `databaseweb`.`versione_prodotto` (`Di_Codice_prodotto`, `Codice_prodotto`, `Marchio`, `Descrizione`, `Colore`, `Taglia`, `Prezzo`, `Disponibilita`, `Nome_immagine`) VALUES ('000016', '_Bianco_S', 'Scoutmarchio', 'Magliette Route Nazionale 2024 in cotone, disponibili nei colori delle branche + 1! Queste magliette sono il gadget perfetto per celebrare la tua partecipazione all’evento. Realizzate con cotone di alta qualità, offrono una vestibilità comoda e duratura. Non perdere l’occasione di portare a casa un ricordo unico di questa fantastica esperienza! Affrettatevi saranno disponibili fino ad esaurimento scorte! Il colore Bianco è SOLD OUT….', 'Bianco', 'S', '0.00', '10', 'route_nazionale-magliette-cotone-disponibili-600x600.jpg');
INSERT INTO `databaseweb`.`versione_prodotto` (`Di_Codice_prodotto`, `Codice_prodotto`, `Marchio`, `Descrizione`, `Colore`, `Taglia`, `Prezzo`, `Disponibilita`, `Nome_immagine`) VALUES ('000016', '_Bianco_L', 'Scoutmarchio', 'Magliette Route Nazionale 2024 in cotone, disponibili nei colori delle branche + 1! Queste magliette sono il gadget perfetto per celebrare la tua partecipazione all’evento. Realizzate con cotone di alta qualità, offrono una vestibilità comoda e duratura. Non perdere l’occasione di portare a casa un ricordo unico di questa fantastica esperienza! Affrettatevi saranno disponibili fino ad esaurimento scorte! Il colore Bianco è SOLD OUT….', 'Bianco', 'L', '0.00', '10', 'route_nazionale-magliette-cotone-disponibili-600x600.jpg');
INSERT INTO `databaseweb`.`versione_prodotto` (`Di_Codice_prodotto`, `Codice_prodotto`, `Marchio`, `Descrizione`, `Colore`, `Taglia`, `Prezzo`, `Disponibilita`, `Nome_immagine`) VALUES ('000016', '_Bianco_M', 'Scoutmarchio', 'Magliette Route Nazionale 2024 in cotone, disponibili nei colori delle branche + 1! Queste magliette sono il gadget perfetto per celebrare la tua partecipazione all’evento. Realizzate con cotone di alta qualità, offrono una vestibilità comoda e duratura. Non perdere l’occasione di portare a casa un ricordo unico di questa fantastica esperienza! Affrettatevi saranno disponibili fino ad esaurimento scorte! Il colore Bianco è SOLD OUT….', 'Bianco', 'M', '0.00', '10', 'route_nazionale-magliette-cotone-disponibili-600x600.jpg');
INSERT INTO `databaseweb`.`versione_prodotto` (`Di_Codice_prodotto`, `Codice_prodotto`, `Marchio`, `Descrizione`, `Colore`, `Taglia`, `Prezzo`, `Disponibilita`, `Nome_immagine`) VALUES ('000016', '_Bianco_XL', 'Scoutmarchio', 'Magliette Route Nazionale 2024 in cotone, disponibili nei colori delle branche + 1! Queste magliette sono il gadget perfetto per celebrare la tua partecipazione all’evento. Realizzate con cotone di alta qualità, offrono una vestibilità comoda e duratura. Non perdere l’occasione di portare a casa un ricordo unico di questa fantastica esperienza! Affrettatevi saranno disponibili fino ad esaurimento scorte! Il colore Bianco è SOLD OUT….', 'Bianco', 'XL', '0.00', '10', 'route_nazionale-magliette-cotone-disponibili-600x600.jpg');
INSERT INTO `databaseweb`.`versione_prodotto` (`Di_Codice_prodotto`, `Codice_prodotto`, `Marchio`, `Descrizione`, `Colore`, `Taglia`, `Prezzo`, `Disponibilita`, `Nome_immagine`) VALUES ('000016', '_Bianco_XXL', 'Scoutmarchio', 'Magliette Route Nazionale 2024 in cotone, disponibili nei colori delle branche + 1! Queste magliette sono il gadget perfetto per celebrare la tua partecipazione all’evento. Realizzate con cotone di alta qualità, offrono una vestibilità comoda e duratura. Non perdere l’occasione di portare a casa un ricordo unico di questa fantastica esperienza! Affrettatevi saranno disponibili fino ad esaurimento scorte! Il colore Bianco è SOLD OUT….', 'Bianco', 'XXL', '0.00', '10', 'route_nazionale-magliette-cotone-disponibili-600x600.jpg');
INSERT INTO `databaseweb`.`versione_prodotto` (`Di_Codice_prodotto`, `Codice_prodotto`, `Marchio`, `Descrizione`, `Colore`, `Taglia`, `Prezzo`, `Disponibilita`, `Nome_immagine`) VALUES ('000016', '_Bianco_3XL', 'Scoutmarchio', 'Magliette Route Nazionale 2024 in cotone, disponibili nei colori delle branche + 1! Queste magliette sono il gadget perfetto per celebrare la tua partecipazione all’evento. Realizzate con cotone di alta qualità, offrono una vestibilità comoda e duratura. Non perdere l’occasione di portare a casa un ricordo unico di questa fantastica esperienza! Affrettatevi saranno disponibili fino ad esaurimento scorte! Il colore Bianco è SOLD OUT….', 'Bianco', '3XL', '0.00', '10', 'route_nazionale-magliette-cotone-disponibili-600x600.jpg');
INSERT INTO `databaseweb`.`versione_prodotto` (`Di_Codice_prodotto`, `Codice_prodotto`, `Marchio`, `Descrizione`, `Colore`, `Taglia`, `Prezzo`, `Disponibilita`, `Nome_immagine`) VALUES ('000016', '_Giallo_XS', 'Scoutmarchio', 'Magliette Route Nazionale 2024 in cotone, disponibili nei colori delle branche + 1! Queste magliette sono il gadget perfetto per celebrare la tua partecipazione all’evento. Realizzate con cotone di alta qualità, offrono una vestibilità comoda e duratura. Non perdere l’occasione di portare a casa un ricordo unico di questa fantastica esperienza! Affrettatevi saranno disponibili fino ad esaurimento scorte! Il colore Bianco è SOLD OUT….', 'Giallo', 'XS', '0.00', '10', 'route_nazionale-magliette-cotone-disponibili-600x600.jpg');
INSERT INTO `databaseweb`.`versione_prodotto` (`Di_Codice_prodotto`, `Codice_prodotto`, `Marchio`, `Descrizione`, `Colore`, `Taglia`, `Prezzo`, `Disponibilita`, `Nome_immagine`) VALUES ('000016', '_Giallo_S', 'Scoutmarchio', 'Magliette Route Nazionale 2024 in cotone, disponibili nei colori delle branche + 1! Queste magliette sono il gadget perfetto per celebrare la tua partecipazione all’evento. Realizzate con cotone di alta qualità, offrono una vestibilità comoda e duratura. Non perdere l’occasione di portare a casa un ricordo unico di questa fantastica esperienza! Affrettatevi saranno disponibili fino ad esaurimento scorte! Il colore Bianco è SOLD OUT….', 'Giallo', 'S', '0.00', '10', 'route_nazionale-magliette-cotone-disponibili-600x600.jpg');
INSERT INTO `databaseweb`.`versione_prodotto` (`Di_Codice_prodotto`, `Codice_prodotto`, `Marchio`, `Descrizione`, `Colore`, `Taglia`, `Prezzo`, `Disponibilita`, `Nome_immagine`) VALUES ('000016', '_Giallo_L', 'Scoutmarchio', 'Magliette Route Nazionale 2024 in cotone, disponibili nei colori delle branche + 1! Queste magliette sono il gadget perfetto per celebrare la tua partecipazione all’evento. Realizzate con cotone di alta qualità, offrono una vestibilità comoda e duratura. Non perdere l’occasione di portare a casa un ricordo unico di questa fantastica esperienza! Affrettatevi saranno disponibili fino ad esaurimento scorte! Il colore Bianco è SOLD OUT….', 'Giallo', 'L', '0.00', '10', 'route_nazionale-magliette-cotone-disponibili-600x600.jpg');
INSERT INTO `databaseweb`.`versione_prodotto` (`Di_Codice_prodotto`, `Codice_prodotto`, `Marchio`, `Descrizione`, `Colore`, `Taglia`, `Prezzo`, `Disponibilita`, `Nome_immagine`) VALUES ('000016', '_Giallo_M', 'Scoutmarchio', 'Magliette Route Nazionale 2024 in cotone, disponibili nei colori delle branche + 1! Queste magliette sono il gadget perfetto per celebrare la tua partecipazione all’evento. Realizzate con cotone di alta qualità, offrono una vestibilità comoda e duratura. Non perdere l’occasione di portare a casa un ricordo unico di questa fantastica esperienza! Affrettatevi saranno disponibili fino ad esaurimento scorte! Il colore Bianco è SOLD OUT….', 'Giallo', 'M', '0.00', '10', 'route_nazionale-magliette-cotone-disponibili-600x600.jpg');
INSERT INTO `databaseweb`.`versione_prodotto` (`Di_Codice_prodotto`, `Codice_prodotto`, `Marchio`, `Descrizione`, `Colore`, `Taglia`, `Prezzo`, `Disponibilita`, `Nome_immagine`) VALUES ('000016', '_Giallo_XL', 'Scoutmarchio', 'Magliette Route Nazionale 2024 in cotone, disponibili nei colori delle branche + 1! Queste magliette sono il gadget perfetto per celebrare la tua partecipazione all’evento. Realizzate con cotone di alta qualità, offrono una vestibilità comoda e duratura. Non perdere l’occasione di portare a casa un ricordo unico di questa fantastica esperienza! Affrettatevi saranno disponibili fino ad esaurimento scorte! Il colore Bianco è SOLD OUT….', 'Giallo', 'XL', '0.00', '10', 'route_nazionale-magliette-cotone-disponibili-600x600.jpg');
INSERT INTO `databaseweb`.`versione_prodotto` (`Di_Codice_prodotto`, `Codice_prodotto`, `Marchio`, `Descrizione`, `Colore`, `Taglia`, `Prezzo`, `Disponibilita`, `Nome_immagine`) VALUES ('000016', '_Giallo_XXL', 'Scoutmarchio', 'Magliette Route Nazionale 2024 in cotone, disponibili nei colori delle branche + 1! Queste magliette sono il gadget perfetto per celebrare la tua partecipazione all’evento. Realizzate con cotone di alta qualità, offrono una vestibilità comoda e duratura. Non perdere l’occasione di portare a casa un ricordo unico di questa fantastica esperienza! Affrettatevi saranno disponibili fino ad esaurimento scorte! Il colore Bianco è SOLD OUT….', 'Giallo', 'XXL', '0.00', '10', 'route_nazionale-magliette-cotone-disponibili-600x600.jpg');
INSERT INTO `databaseweb`.`versione_prodotto` (`Di_Codice_prodotto`, `Codice_prodotto`, `Marchio`, `Descrizione`, `Colore`, `Taglia`, `Prezzo`, `Disponibilita`, `Nome_immagine`) VALUES ('000016', '_Giallo_3XL', 'Scoutmarchio', 'Magliette Route Nazionale 2024 in cotone, disponibili nei colori delle branche + 1! Queste magliette sono il gadget perfetto per celebrare la tua partecipazione all’evento. Realizzate con cotone di alta qualità, offrono una vestibilità comoda e duratura. Non perdere l’occasione di portare a casa un ricordo unico di questa fantastica esperienza! Affrettatevi saranno disponibili fino ad esaurimento scorte! Il colore Bianco è SOLD OUT….', 'Giallo', '3XL', '0.00', '10', 'route_nazionale-magliette-cotone-disponibili-600x600.jpg');
INSERT INTO `databaseweb`.`versione_prodotto` (`Di_Codice_prodotto`, `Codice_prodotto`, `Marchio`, `Descrizione`, `Colore`, `Taglia`, `Prezzo`, `Disponibilita`, `Nome_immagine`) VALUES ('000016', '_Rosso_XS', 'Scoutmarchio', 'Magliette Route Nazionale 2024 in cotone, disponibili nei colori delle branche + 1! Queste magliette sono il gadget perfetto per celebrare la tua partecipazione all’evento. Realizzate con cotone di alta qualità, offrono una vestibilità comoda e duratura. Non perdere l’occasione di portare a casa un ricordo unico di questa fantastica esperienza! Affrettatevi saranno disponibili fino ad esaurimento scorte! Il colore Bianco è SOLD OUT….', 'Rosso', 'XS', '0.00', '10', 'route_nazionale-magliette-cotone-disponibili-600x600.jpg');
INSERT INTO `databaseweb`.`versione_prodotto` (`Di_Codice_prodotto`, `Codice_prodotto`, `Marchio`, `Descrizione`, `Colore`, `Taglia`, `Prezzo`, `Disponibilita`, `Nome_immagine`) VALUES ('000016', '_Rosso_S', 'Scoutmarchio', 'Magliette Route Nazionale 2024 in cotone, disponibili nei colori delle branche + 1! Queste magliette sono il gadget perfetto per celebrare la tua partecipazione all’evento. Realizzate con cotone di alta qualità, offrono una vestibilità comoda e duratura. Non perdere l’occasione di portare a casa un ricordo unico di questa fantastica esperienza! Affrettatevi saranno disponibili fino ad esaurimento scorte! Il colore Bianco è SOLD OUT….', 'Rosso', 'S', '0.00', '10', 'route_nazionale-magliette-cotone-disponibili-600x600.jpg');
INSERT INTO `databaseweb`.`versione_prodotto` (`Di_Codice_prodotto`, `Codice_prodotto`, `Marchio`, `Descrizione`, `Colore`, `Taglia`, `Prezzo`, `Disponibilita`, `Nome_immagine`) VALUES ('000016', '_Rosso_L', 'Scoutmarchio', 'Magliette Route Nazionale 2024 in cotone, disponibili nei colori delle branche + 1! Queste magliette sono il gadget perfetto per celebrare la tua partecipazione all’evento. Realizzate con cotone di alta qualità, offrono una vestibilità comoda e duratura. Non perdere l’occasione di portare a casa un ricordo unico di questa fantastica esperienza! Affrettatevi saranno disponibili fino ad esaurimento scorte! Il colore Bianco è SOLD OUT….', 'Rosso', 'L', '0.00', '10', 'route_nazionale-magliette-cotone-disponibili-600x600.jpg');
INSERT INTO `databaseweb`.`versione_prodotto` (`Di_Codice_prodotto`, `Codice_prodotto`, `Marchio`, `Descrizione`, `Colore`, `Taglia`, `Prezzo`, `Disponibilita`, `Nome_immagine`) VALUES ('000016', '_Rosso_M', 'Scoutmarchio', 'Magliette Route Nazionale 2024 in cotone, disponibili nei colori delle branche + 1! Queste magliette sono il gadget perfetto per celebrare la tua partecipazione all’evento. Realizzate con cotone di alta qualità, offrono una vestibilità comoda e duratura. Non perdere l’occasione di portare a casa un ricordo unico di questa fantastica esperienza! Affrettatevi saranno disponibili fino ad esaurimento scorte! Il colore Bianco è SOLD OUT….', 'Rosso', 'M', '0.00', '10', 'route_nazionale-magliette-cotone-disponibili-600x600.jpg');
INSERT INTO `databaseweb`.`versione_prodotto` (`Di_Codice_prodotto`, `Codice_prodotto`, `Marchio`, `Descrizione`, `Colore`, `Taglia`, `Prezzo`, `Disponibilita`, `Nome_immagine`) VALUES ('000016', '_Rosso_XL', 'Scoutmarchio', 'Magliette Route Nazionale 2024 in cotone, disponibili nei colori delle branche + 1! Queste magliette sono il gadget perfetto per celebrare la tua partecipazione all’evento. Realizzate con cotone di alta qualità, offrono una vestibilità comoda e duratura. Non perdere l’occasione di portare a casa un ricordo unico di questa fantastica esperienza! Affrettatevi saranno disponibili fino ad esaurimento scorte! Il colore Bianco è SOLD OUT….', 'Rosso', 'XL', '0.00', '10', 'route_nazionale-magliette-cotone-disponibili-600x600.jpg');
INSERT INTO `databaseweb`.`versione_prodotto` (`Di_Codice_prodotto`, `Codice_prodotto`, `Marchio`, `Descrizione`, `Colore`, `Taglia`, `Prezzo`, `Disponibilita`, `Nome_immagine`) VALUES ('000016', '_Rosso_XXL', 'Scoutmarchio', 'Magliette Route Nazionale 2024 in cotone, disponibili nei colori delle branche + 1! Queste magliette sono il gadget perfetto per celebrare la tua partecipazione all’evento. Realizzate con cotone di alta qualità, offrono una vestibilità comoda e duratura. Non perdere l’occasione di portare a casa un ricordo unico di questa fantastica esperienza! Affrettatevi saranno disponibili fino ad esaurimento scorte! Il colore Bianco è SOLD OUT….', 'Rosso', 'XXL', '0.00', '10', 'route_nazionale-magliette-cotone-disponibili-600x600.jpg');
INSERT INTO `databaseweb`.`versione_prodotto` (`Di_Codice_prodotto`, `Codice_prodotto`, `Marchio`, `Descrizione`, `Colore`, `Taglia`, `Prezzo`, `Disponibilita`, `Nome_immagine`) VALUES ('000016', '_Rosso_3XL', 'Scoutmarchio', 'Magliette Route Nazionale 2024 in cotone, disponibili nei colori delle branche + 1! Queste magliette sono il gadget perfetto per celebrare la tua partecipazione all’evento. Realizzate con cotone di alta qualità, offrono una vestibilità comoda e duratura. Non perdere l’occasione di portare a casa un ricordo unico di questa fantastica esperienza! Affrettatevi saranno disponibili fino ad esaurimento scorte! Il colore Bianco è SOLD OUT….', 'Rosso', '3XL', '0.00', '10', 'route_nazionale-magliette-cotone-disponibili-600x600.jpg');
INSERT INTO `databaseweb`.`versione_prodotto` (`Di_Codice_prodotto`, `Codice_prodotto`, `Marchio`, `Descrizione`, `Colore`, `Taglia`, `Prezzo`, `Disponibilita`, `Nome_immagine`) VALUES ('000016', '_Verde_XS', 'Scoutmarchio', 'Magliette Route Nazionale 2024 in cotone, disponibili nei colori delle branche + 1! Queste magliette sono il gadget perfetto per celebrare la tua partecipazione all’evento. Realizzate con cotone di alta qualità, offrono una vestibilità comoda e duratura. Non perdere l’occasione di portare a casa un ricordo unico di questa fantastica esperienza! Affrettatevi saranno disponibili fino ad esaurimento scorte! Il colore Bianco è SOLD OUT….', 'Verde', 'XS', '0.00', '10', 'route_nazionale-magliette-cotone-disponibili-600x600.jpg');
INSERT INTO `databaseweb`.`versione_prodotto` (`Di_Codice_prodotto`, `Codice_prodotto`, `Marchio`, `Descrizione`, `Colore`, `Taglia`, `Prezzo`, `Disponibilita`, `Nome_immagine`) VALUES ('000016', '_Verde_S', 'Scoutmarchio', 'Magliette Route Nazionale 2024 in cotone, disponibili nei colori delle branche + 1! Queste magliette sono il gadget perfetto per celebrare la tua partecipazione all’evento. Realizzate con cotone di alta qualità, offrono una vestibilità comoda e duratura. Non perdere l’occasione di portare a casa un ricordo unico di questa fantastica esperienza! Affrettatevi saranno disponibili fino ad esaurimento scorte! Il colore Bianco è SOLD OUT….', 'Verde', 'S', '0.00', '10', 'route_nazionale-magliette-cotone-disponibili-600x600.jpg');
INSERT INTO `databaseweb`.`versione_prodotto` (`Di_Codice_prodotto`, `Codice_prodotto`, `Marchio`, `Descrizione`, `Colore`, `Taglia`, `Prezzo`, `Disponibilita`, `Nome_immagine`) VALUES ('000016', '_Verde_L', 'Scoutmarchio', 'Magliette Route Nazionale 2024 in cotone, disponibili nei colori delle branche + 1! Queste magliette sono il gadget perfetto per celebrare la tua partecipazione all’evento. Realizzate con cotone di alta qualità, offrono una vestibilità comoda e duratura. Non perdere l’occasione di portare a casa un ricordo unico di questa fantastica esperienza! Affrettatevi saranno disponibili fino ad esaurimento scorte! Il colore Bianco è SOLD OUT….', 'Verde', 'L', '0.00', '10', 'route_nazionale-magliette-cotone-disponibili-600x600.jpg');
INSERT INTO `databaseweb`.`versione_prodotto` (`Di_Codice_prodotto`, `Codice_prodotto`, `Marchio`, `Descrizione`, `Colore`, `Taglia`, `Prezzo`, `Disponibilita`, `Nome_immagine`) VALUES ('000016', '_Verde_M', 'Scoutmarchio', 'Magliette Route Nazionale 2024 in cotone, disponibili nei colori delle branche + 1! Queste magliette sono il gadget perfetto per celebrare la tua partecipazione all’evento. Realizzate con cotone di alta qualità, offrono una vestibilità comoda e duratura. Non perdere l’occasione di portare a casa un ricordo unico di questa fantastica esperienza! Affrettatevi saranno disponibili fino ad esaurimento scorte! Il colore Bianco è SOLD OUT….', 'Verde', 'M', '0.00', '10', 'route_nazionale-magliette-cotone-disponibili-600x600.jpg');
INSERT INTO `databaseweb`.`versione_prodotto` (`Di_Codice_prodotto`, `Codice_prodotto`, `Marchio`, `Descrizione`, `Colore`, `Taglia`, `Prezzo`, `Disponibilita`, `Nome_immagine`) VALUES ('000016', '_Verde_XL', 'Scoutmarchio', 'Magliette Route Nazionale 2024 in cotone, disponibili nei colori delle branche + 1! Queste magliette sono il gadget perfetto per celebrare la tua partecipazione all’evento. Realizzate con cotone di alta qualità, offrono una vestibilità comoda e duratura. Non perdere l’occasione di portare a casa un ricordo unico di questa fantastica esperienza! Affrettatevi saranno disponibili fino ad esaurimento scorte! Il colore Bianco è SOLD OUT….', 'Verde', 'XL', '0.00', '10', 'route_nazionale-magliette-cotone-disponibili-600x600.jpg');
INSERT INTO `databaseweb`.`versione_prodotto` (`Di_Codice_prodotto`, `Codice_prodotto`, `Marchio`, `Descrizione`, `Colore`, `Taglia`, `Prezzo`, `Disponibilita`, `Nome_immagine`) VALUES ('000016', '_Verde_XXL', 'Scoutmarchio', 'Magliette Route Nazionale 2024 in cotone, disponibili nei colori delle branche + 1! Queste magliette sono il gadget perfetto per celebrare la tua partecipazione all’evento. Realizzate con cotone di alta qualità, offrono una vestibilità comoda e duratura. Non perdere l’occasione di portare a casa un ricordo unico di questa fantastica esperienza! Affrettatevi saranno disponibili fino ad esaurimento scorte! Il colore Bianco è SOLD OUT….', 'Verde', 'XXL', '0.00', '10', 'route_nazionale-magliette-cotone-disponibili-600x600.jpg');
INSERT INTO `databaseweb`.`versione_prodotto` (`Di_Codice_prodotto`, `Codice_prodotto`, `Marchio`, `Descrizione`, `Colore`, `Taglia`, `Prezzo`, `Disponibilita`, `Nome_immagine`) VALUES ('000016', '_Verde_3XL', 'Scoutmarchio', 'Magliette Route Nazionale 2024 in cotone, disponibili nei colori delle branche + 1! Queste magliette sono il gadget perfetto per celebrare la tua partecipazione all’evento. Realizzate con cotone di alta qualità, offrono una vestibilità comoda e duratura. Non perdere l’occasione di portare a casa un ricordo unico di questa fantastica esperienza! Affrettatevi saranno disponibili fino ad esaurimento scorte! Il colore Bianco è SOLD OUT….', 'Verde', '3XL', '0.00', '10', 'route_nazionale-magliette-cotone-disponibili-600x600.jpg');
INSERT INTO `databaseweb`.`versione_prodotto` (`Di_Codice_prodotto`, `Codice_prodotto`, `Marchio`, `Descrizione`, `Colore`, `Taglia`, `Prezzo`, `Disponibilita`, `Nome_immagine`) VALUES ('000016', '_Viola_XS', 'Scoutmarchio', 'Magliette Route Nazionale 2024 in cotone, disponibili nei colori delle branche + 1! Queste magliette sono il gadget perfetto per celebrare la tua partecipazione all’evento. Realizzate con cotone di alta qualità, offrono una vestibilità comoda e duratura. Non perdere l’occasione di portare a casa un ricordo unico di questa fantastica esperienza! Affrettatevi saranno disponibili fino ad esaurimento scorte! Il colore Bianco è SOLD OUT….', 'Viola', 'XS', '0.00', '10', 'route_nazionale-magliette-cotone-disponibili-600x600.jpg');
INSERT INTO `databaseweb`.`versione_prodotto` (`Di_Codice_prodotto`, `Codice_prodotto`, `Marchio`, `Descrizione`, `Colore`, `Taglia`, `Prezzo`, `Disponibilita`, `Nome_immagine`) VALUES ('000016', '_Viola_S', 'Scoutmarchio', 'Magliette Route Nazionale 2024 in cotone, disponibili nei colori delle branche + 1! Queste magliette sono il gadget perfetto per celebrare la tua partecipazione all’evento. Realizzate con cotone di alta qualità, offrono una vestibilità comoda e duratura. Non perdere l’occasione di portare a casa un ricordo unico di questa fantastica esperienza! Affrettatevi saranno disponibili fino ad esaurimento scorte! Il colore Bianco è SOLD OUT….', 'Viola', 'S', '0.00', '10', 'route_nazionale-magliette-cotone-disponibili-600x600.jpg');
INSERT INTO `databaseweb`.`versione_prodotto` (`Di_Codice_prodotto`, `Codice_prodotto`, `Marchio`, `Descrizione`, `Colore`, `Taglia`, `Prezzo`, `Disponibilita`, `Nome_immagine`) VALUES ('000016', '_Viola_L', 'Scoutmarchio', 'Magliette Route Nazionale 2024 in cotone, disponibili nei colori delle branche + 1! Queste magliette sono il gadget perfetto per celebrare la tua partecipazione all’evento. Realizzate con cotone di alta qualità, offrono una vestibilità comoda e duratura. Non perdere l’occasione di portare a casa un ricordo unico di questa fantastica esperienza! Affrettatevi saranno disponibili fino ad esaurimento scorte! Il colore Bianco è SOLD OUT….', 'Viola', 'L', '0.00', '10', 'route_nazionale-magliette-cotone-disponibili-600x600.jpg');
INSERT INTO `databaseweb`.`versione_prodotto` (`Di_Codice_prodotto`, `Codice_prodotto`, `Marchio`, `Descrizione`, `Colore`, `Taglia`, `Prezzo`, `Disponibilita`, `Nome_immagine`) VALUES ('000016', '_Viola_M', 'Scoutmarchio', 'Magliette Route Nazionale 2024 in cotone, disponibili nei colori delle branche + 1! Queste magliette sono il gadget perfetto per celebrare la tua partecipazione all’evento. Realizzate con cotone di alta qualità, offrono una vestibilità comoda e duratura. Non perdere l’occasione di portare a casa un ricordo unico di questa fantastica esperienza! Affrettatevi saranno disponibili fino ad esaurimento scorte! Il colore Bianco è SOLD OUT….', 'Viola', 'M', '0.00', '10', 'route_nazionale-magliette-cotone-disponibili-600x600.jpg');
INSERT INTO `databaseweb`.`versione_prodotto` (`Di_Codice_prodotto`, `Codice_prodotto`, `Marchio`, `Descrizione`, `Colore`, `Taglia`, `Prezzo`, `Disponibilita`, `Nome_immagine`) VALUES ('000016', '_Viola_XL', 'Scoutmarchio', 'Magliette Route Nazionale 2024 in cotone, disponibili nei colori delle branche + 1! Queste magliette sono il gadget perfetto per celebrare la tua partecipazione all’evento. Realizzate con cotone di alta qualità, offrono una vestibilità comoda e duratura. Non perdere l’occasione di portare a casa un ricordo unico di questa fantastica esperienza! Affrettatevi saranno disponibili fino ad esaurimento scorte! Il colore Bianco è SOLD OUT….', 'Viola', 'XL', '0.00', '10', 'route_nazionale-magliette-cotone-disponibili-600x600.jpg');
INSERT INTO `databaseweb`.`versione_prodotto` (`Di_Codice_prodotto`, `Codice_prodotto`, `Marchio`, `Descrizione`, `Colore`, `Taglia`, `Prezzo`, `Disponibilita`, `Nome_immagine`) VALUES ('000016', '_Viola_XXL', 'Scoutmarchio', 'Magliette Route Nazionale 2024 in cotone, disponibili nei colori delle branche + 1! Queste magliette sono il gadget perfetto per celebrare la tua partecipazione all’evento. Realizzate con cotone di alta qualità, offrono una vestibilità comoda e duratura. Non perdere l’occasione di portare a casa un ricordo unico di questa fantastica esperienza! Affrettatevi saranno disponibili fino ad esaurimento scorte! Il colore Bianco è SOLD OUT….', 'Viola', 'XXL', '0.00', '10', 'route_nazionale-magliette-cotone-disponibili-600x600.jpg');
INSERT INTO `databaseweb`.`versione_prodotto` (`Di_Codice_prodotto`, `Codice_prodotto`, `Marchio`, `Descrizione`, `Colore`, `Taglia`, `Prezzo`, `Disponibilita`, `Nome_immagine`) VALUES ('000016', '_Viola_3XL', 'Scoutmarchio', 'Magliette Route Nazionale 2024 in cotone, disponibili nei colori delle branche + 1! Queste magliette sono il gadget perfetto per celebrare la tua partecipazione all’evento. Realizzate con cotone di alta qualità, offrono una vestibilità comoda e duratura. Non perdere l’occasione di portare a casa un ricordo unico di questa fantastica esperienza! Affrettatevi saranno disponibili fino ad esaurimento scorte! Il colore Bianco è SOLD OUT….', 'Viola', '3XL', '0.00', '10', 'route_nazionale-magliette-cotone-disponibili-600x600.jpg');